-- This script only contains the table creation statements and does not fully represent the table in the database. Do not use it as a backup.

-- Sequence and defined type
CREATE SEQUENCE IF NOT EXISTS "Address_Id_seq";

-- Table Definition
CREATE TABLE "public"."Address" (
    "Id" int4 NOT NULL DEFAULT nextval('"Address_Id_seq"'::regclass),
    "ResumeId" int4,
    "AddressLine" text,
    "City" varchar,
    "State" varchar,
    "Pincode" int4,
    "Country" varchar,
    CONSTRAINT "Address_ResumeId_fkey" FOREIGN KEY ("ResumeId") REFERENCES "public"."Resume"("ResumeId") ON DELETE CASCADE,
    PRIMARY KEY ("Id")
);

-- This script only contains the table creation statements and does not fully represent the table in the database. Do not use it as a backup.

-- Sequence and defined type
CREATE SEQUENCE IF NOT EXISTS "Candidate_Id_seq";

-- Table Definition
CREATE TABLE "public"."Candidate" (
    "Id" int4 NOT NULL DEFAULT nextval('"Candidate_Id_seq"'::regclass),
    "ResumeId" int4,
    "Title" varchar,
    "FirstName" text,
    "LastName" text,
    "DOB" varchar,
    "Status" varchar,
    "Experience" float8,
    "RoleCategory" varchar,
    CONSTRAINT "Candidate_ResumeId_fkey" FOREIGN KEY ("ResumeId") REFERENCES "public"."Resume"("ResumeId") ON DELETE CASCADE,
    PRIMARY KEY ("Id")
);

-- This script only contains the table creation statements and does not fully represent the table in the database. Do not use it as a backup.

-- Sequence and defined type
CREATE SEQUENCE IF NOT EXISTS "Contact_Id_seq";

-- Table Definition
CREATE TABLE "public"."Contact" (
    "Id" int4 NOT NULL DEFAULT nextval('"Contact_Id_seq"'::regclass),
    "CandidateId" int4,
    "ResumeId" int4,
    "Contact_type" varchar,
    "Contact_value" text,
    CONSTRAINT "Contact_CandidateId_fkey" FOREIGN KEY ("CandidateId") REFERENCES "public"."Candidate"("Id") ON DELETE CASCADE,
    CONSTRAINT "Contact_ResumeId_fkey" FOREIGN KEY ("ResumeId") REFERENCES "public"."Resume"("ResumeId") ON DELETE CASCADE,
    PRIMARY KEY ("Id")
);

-- This script only contains the table creation statements and does not fully represent the table in the database. Do not use it as a backup.

-- Sequence and defined type
CREATE SEQUENCE IF NOT EXISTS "Education_Id_seq";

-- Table Definition
CREATE TABLE "public"."Education" (
    "Id" int4 NOT NULL DEFAULT nextval('"Education_Id_seq"'::regclass),
    "ResumeId" int4,
    "Degree" varchar,
    "Branch" varchar,
    "Institution" varchar,
    "Score" float8,
    "YearOfPassing" varchar,
    CONSTRAINT "Education_ResumeId_fkey" FOREIGN KEY ("ResumeId") REFERENCES "public"."Resume"("ResumeId") ON DELETE CASCADE,
    PRIMARY KEY ("Id")
);

-- This script only contains the table creation statements and does not fully represent the table in the database. Do not use it as a backup.

-- Sequence and defined type
CREATE SEQUENCE IF NOT EXISTS "Log_Id_seq";

-- Table Definition
CREATE TABLE "public"."Log" (
    "Id" int4 NOT NULL DEFAULT nextval('"Log_Id_seq"'::regclass),
    "NotificationId" int4,
    "Status" int4,
    "Details" varchar(255),
    "CreatedAt" timestamp,
    CONSTRAINT "Log_NotificationId_fkey" FOREIGN KEY ("NotificationId") REFERENCES "public"."Notification"("Id"),
    PRIMARY KEY ("Id")
);

-- This script only contains the table creation statements and does not fully represent the table in the database. Do not use it as a backup.

-- Sequence and defined type
CREATE SEQUENCE IF NOT EXISTS "Notification_Id_seq";

-- Table Definition
CREATE TABLE "public"."Notification" (
    "Id" int4 NOT NULL DEFAULT nextval('"Notification_Id_seq"'::regclass),
    "Type" int4,
    "NotificationDetails" varchar(255),
    "CreatedBy" int4,
    "CreatedAt" timestamp DEFAULT CURRENT_TIMESTAMP,
    "Status" int4,
    CONSTRAINT "Notification_CreatedBy_fkey" FOREIGN KEY ("CreatedBy") REFERENCES "public"."User"("UserId"),
    PRIMARY KEY ("Id")
);

-- This script only contains the table creation statements and does not fully represent the table in the database. Do not use it as a backup.

-- Sequence and defined type
CREATE SEQUENCE IF NOT EXISTS "Permission_Id_seq";

-- Table Definition
CREATE TABLE "public"."Permission" (
    "Id" int4 NOT NULL DEFAULT nextval('"Permission_Id_seq"'::regclass),
    "Title" varchar,
    "Type" varchar,
    "CreatedDate" timestamp DEFAULT CURRENT_TIMESTAMP,
    "UpdatedDate" timestamp DEFAULT CURRENT_TIMESTAMP,
    PRIMARY KEY ("Id")
);

-- This script only contains the table creation statements and does not fully represent the table in the database. Do not use it as a backup.

-- Sequence and defined type
CREATE SEQUENCE IF NOT EXISTS "Project_Id_seq";

-- Table Definition
CREATE TABLE "public"."Project" (
    "Id" int4 NOT NULL DEFAULT nextval('"Project_Id_seq"'::regclass),
    "ResumeId" int4,
    "ProjectName" varchar,
    "ProjectDetails" text,
    "ProjectUrl" text,
    CONSTRAINT "Project_ResumeId_fkey" FOREIGN KEY ("ResumeId") REFERENCES "public"."Resume"("ResumeId") ON DELETE CASCADE,
    PRIMARY KEY ("Id")
);


-- Indices
CREATE UNIQUE INDEX "Project_ResumeId_key" ON public."Project" USING btree ("ResumeId");

-- This script only contains the table creation statements and does not fully represent the table in the database. Do not use it as a backup.

-- Sequence and defined type
CREATE SEQUENCE IF NOT EXISTS "Resume_ResumeId_seq";

-- Table Definition
CREATE TABLE "public"."Resume" (
    "ResumeId" int4 NOT NULL DEFAULT nextval('"Resume_ResumeId_seq"'::regclass),
    "FileHash" text,
    "FileName" varchar,
    "FileType" varchar,
    "Path" varchar,
    "CreatedBy" int4,
    "CreatedDate" timestamp DEFAULT CURRENT_TIMESTAMP,
    "UpdatedBy" int4,
    "UpdatedDate" timestamp DEFAULT CURRENT_TIMESTAMP,
    "Status" bool,
    "Category" varchar(100),
    "IsViewed" bool DEFAULT false,
    "IsActive" bool DEFAULT true,
    CONSTRAINT "Resume_CreatedBy_fkey" FOREIGN KEY ("CreatedBy") REFERENCES "public"."User"("UserId") ON DELETE CASCADE,
    PRIMARY KEY ("ResumeId")
);

-- This script only contains the table creation statements and does not fully represent the table in the database. Do not use it as a backup.

-- Sequence and defined type
CREATE SEQUENCE IF NOT EXISTS "ResumeFolder_Id_seq";

-- Table Definition
CREATE TABLE "public"."ResumeFolder" (
    "Id" int4 NOT NULL DEFAULT nextval('"ResumeFolder_Id_seq"'::regclass),
    "Name" text,
    "Role" varchar,
    "Skills" text DEFAULT ARRAY[]::character varying[],
    "IsActive" bool DEFAULT true,
    "CreatedAt" timestamp DEFAULT CURRENT_TIMESTAMP,
    "CreatedBy" int4,
    "SharedWith" text DEFAULT ARRAY[]::integer[],
    "ParentFolder" varchar,
    CONSTRAINT "ResumeFolder_CreatedBy_fkey" FOREIGN KEY ("CreatedBy") REFERENCES "public"."User"("UserId") ON DELETE SET NULL,
    PRIMARY KEY ("Id")
);

-- This script only contains the table creation statements and does not fully represent the table in the database. Do not use it as a backup.

-- Sequence and defined type
CREATE SEQUENCE IF NOT EXISTS "Role_Id_seq";

-- Table Definition
CREATE TABLE "public"."Role" (
    "Id" int4 NOT NULL DEFAULT nextval('"Role_Id_seq"'::regclass),
    "Title" varchar,
    "Description" text,
    "CreatedBy" int4,
    "CreatedDate" timestamp DEFAULT CURRENT_TIMESTAMP,
    "UpdatedBy" int4,
    "UpdatedDate" timestamp DEFAULT CURRENT_TIMESTAMP,
    PRIMARY KEY ("Id")
);

-- This script only contains the table creation statements and does not fully represent the table in the database. Do not use it as a backup.

-- Table Definition
CREATE TABLE "public"."RolePermission" (
    "RoleId" int4,
    "PermissionId" int4,
    "CreatedBy" int4,
    "updatedBy" int4,
    CONSTRAINT "RolePermission_PermissionId_fkey" FOREIGN KEY ("PermissionId") REFERENCES "public"."Permission"("Id") ON DELETE CASCADE,
    CONSTRAINT "RolePermission_RoleId_fkey" FOREIGN KEY ("RoleId") REFERENCES "public"."Role"("Id") ON DELETE CASCADE
);

-- This script only contains the table creation statements and does not fully represent the table in the database. Do not use it as a backup.

-- Sequence and defined type
CREATE SEQUENCE IF NOT EXISTS "SavedFilter_id_seq";

-- Table Definition
CREATE TABLE "public"."SavedFilter" (
    "id" int4 NOT NULL DEFAULT nextval('"SavedFilter_id_seq"'::regclass),
    "title" varchar(255),
    "content" text,
    "createdby" int4,
    "createdat" timestamp,
    CONSTRAINT "SavedFilter_createdby_fkey" FOREIGN KEY ("createdby") REFERENCES "public"."User"("UserId"),
    PRIMARY KEY ("id")
);

-- This script only contains the table creation statements and does not fully represent the table in the database. Do not use it as a backup.

-- Sequence and defined type
CREATE SEQUENCE IF NOT EXISTS "Skill_Id_seq";

-- Table Definition
CREATE TABLE "public"."Skill" (
    "Id" int4 NOT NULL DEFAULT nextval('"Skill_Id_seq"'::regclass),
    "ResumeId" int4,
    "SkillName" varchar,
    CONSTRAINT "Skill_ResumeId_fkey" FOREIGN KEY ("ResumeId") REFERENCES "public"."Resume"("ResumeId") ON DELETE CASCADE,
    PRIMARY KEY ("Id")
);

-- This script only contains the table creation statements and does not fully represent the table in the database. Do not use it as a backup.

-- Sequence and defined type
CREATE SEQUENCE IF NOT EXISTS "User_UserId_seq";

-- Table Definition
CREATE TABLE "public"."User" (
    "UserId" int4 NOT NULL DEFAULT nextval('"User_UserId_seq"'::regclass),
    "UserName" varchar,
    "Email" varchar,
    "Password" varchar,
    "RoleId" int4,
    "LastLogin" timestamp,
    "CreatedDate" timestamp DEFAULT CURRENT_TIMESTAMP,
    "UpdatedDate" timestamp DEFAULT CURRENT_TIMESTAMP,
    "Status" bool,
    CONSTRAINT "User_RoleId_fkey" FOREIGN KEY ("RoleId") REFERENCES "public"."Role"("Id") ON DELETE CASCADE,
    PRIMARY KEY ("UserId")
);

-- This script only contains the table creation statements and does not fully represent the table in the database. Do not use it as a backup.

-- Sequence and defined type
CREATE SEQUENCE IF NOT EXISTS "WorkExperience_Id_seq";

-- Table Definition
CREATE TABLE "public"."WorkExperience" (
    "Id" int4 NOT NULL DEFAULT nextval('"WorkExperience_Id_seq"'::regclass),
    "ResumeId" int4,
    "CompanyName" text,
    "DepName" text,
    "Role" varchar,
    "StartDate" text,
    "EndDate" text,
    "Location" varchar,
    "IsCurrentJob" bool,
    "Details" text,
    "duration" float8,
    CONSTRAINT "WorkExperience_ResumeId_fkey" FOREIGN KEY ("ResumeId") REFERENCES "public"."Resume"("ResumeId") ON DELETE CASCADE,
    PRIMARY KEY ("Id")
);

INSERT INTO "public"."Address" ("Id", "ResumeId", "AddressLine", "City", "State", "Pincode", "Country") VALUES
(612, 4106, NULL, 'chandigarh', NULL, NULL, 'India');
INSERT INTO "public"."Address" ("Id", "ResumeId", "AddressLine", "City", "State", "Pincode", "Country") VALUES
(613, 4106, NULL, 'dhampur', NULL, NULL, 'India');
INSERT INTO "public"."Address" ("Id", "ResumeId", "AddressLine", "City", "State", "Pincode", "Country") VALUES
(616, 4108, NULL, 'dehradun', NULL, NULL, 'India');
INSERT INTO "public"."Address" ("Id", "ResumeId", "AddressLine", "City", "State", "Pincode", "Country") VALUES
(617, 4110, NULL, 'mohali', NULL, NULL, 'India'),
(618, 4115, NULL, 'noida', NULL, NULL, 'India'),
(619, 4116, NULL, 'gurgaon', NULL, NULL, 'India'),
(620, 4116, NULL, 'allahabad', NULL, NULL, 'India'),
(621, 4116, NULL, 'noida', NULL, NULL, 'India'),
(622, 4116, NULL, 'mohali', NULL, NULL, 'India'),
(623, 4116, NULL, 'mirzapur', NULL, NULL, 'India'),
(624, 4122, NULL, 'coimbatore', NULL, NULL, 'India'),
(625, 4122, NULL, 'salem', NULL, NULL, 'India'),
(626, 4123, NULL, 'lucknow', NULL, NULL, 'India'),
(627, 4123, NULL, 'rajkot', NULL, NULL, 'India'),
(628, 4123, NULL, 'mathura', NULL, NULL, 'India'),
(629, 4123, NULL, 'mohali', NULL, NULL, 'India'),
(630, 4123, NULL, 'aurangabad', NULL, NULL, 'India'),
(631, 4125, NULL, 'kota', NULL, NULL, 'India'),
(632, 4126, NULL, 'kota', NULL, NULL, 'India'),
(633, 4127, NULL, 'chennai', NULL, NULL, 'India'),
(634, 4128, NULL, 'agra', NULL, NULL, 'India'),
(635, 4128, NULL, 'mathura', NULL, NULL, 'India'),
(636, 4128, NULL, 'hathras', NULL, NULL, 'India'),
(637, 4129, NULL, 'noida', NULL, NULL, 'India'),
(638, 4129, NULL, 'saharanpur', NULL, NULL, 'India'),
(639, 4130, NULL, 'kolkata', NULL, NULL, 'India'),
(640, 4130, NULL, 'chandigarh', NULL, NULL, 'India'),
(641, 4130, NULL, 'howrah', NULL, NULL, 'India'),
(642, 4131, NULL, 'ghaziabad', NULL, NULL, 'India'),
(643, 4131, NULL, 'noida', NULL, NULL, 'India'),
(644, 4132, NULL, 'hyderabad', NULL, NULL, 'India'),
(645, 4135, NULL, 'hyderabad', NULL, NULL, 'India'),
(646, 4136, NULL, 'mumbai', NULL, NULL, 'India'),
(647, 4137, NULL, 'durgapur', NULL, NULL, 'India'),
(648, 4138, NULL, 'mumbai', NULL, NULL, 'India'),
(649, 4138, NULL, 'gurgaon', NULL, NULL, 'India'),
(650, 4138, NULL, 'noida', NULL, NULL, 'India'),
(651, 4138, NULL, 'bulandshahr', NULL, NULL, 'India'),
(652, 4138, NULL, 'jalandhar', NULL, NULL, 'India'),
(653, 4138, NULL, 'moradabad', NULL, NULL, 'India'),
(654, 4139, NULL, 'mumbai', NULL, NULL, 'India'),
(655, 4140, NULL, 'bhilai', NULL, NULL, 'India'),
(656, 4140, NULL, 'raipur', NULL, NULL, 'India'),
(657, 4140, NULL, 'durg', NULL, NULL, 'India'),
(658, 4141, NULL, 'lucknow', NULL, NULL, 'India'),
(659, 4141, NULL, 'virar', NULL, NULL, 'India'),
(660, 4142, NULL, 'haryana', NULL, NULL, 'India'),
(661, 4142, NULL, 'yamunanagar', NULL, NULL, 'India'),
(662, 4143, NULL, 'delhi', NULL, NULL, 'India'),
(663, 4143, NULL, 'gurgaon', NULL, NULL, 'India'),
(664, 4143, NULL, 'kumar', NULL, NULL, 'India'),
(665, 4144, NULL, 'lucknow', NULL, NULL, 'India'),
(666, 4145, NULL, 'pune', NULL, NULL, 'India'),
(667, 4145, NULL, 'lucknow', NULL, NULL, 'India'),
(668, 4145, NULL, 'pat', NULL, NULL, 'India'),
(669, 4146, NULL, 'mumbai', NULL, NULL, 'India'),
(670, 4146, NULL, 'palghar', NULL, NULL, 'India'),
(671, 4147, NULL, 'faridabad', NULL, NULL, 'India'),
(672, 4148, NULL, 'udaipur', NULL, NULL, 'India'),
(673, 4149, NULL, 'gurgaon', NULL, NULL, 'India'),
(674, 4149, NULL, 'hyderabad', NULL, NULL, 'India'),
(675, 4149, NULL, 'haryana', NULL, NULL, 'India'),
(676, 4149, NULL, 'bihar sharif', NULL, NULL, 'India'),
(677, 4149, NULL, 'patna', NULL, NULL, 'India'),
(678, 4149, NULL, 'rohtak', NULL, NULL, 'India'),
(679, 4150, NULL, 'delhi', NULL, NULL, 'India'),
(680, 4150, NULL, 'noida', NULL, NULL, 'India'),
(681, 4151, NULL, 'mumbai', NULL, NULL, 'India'),
(682, 4151, NULL, 'delhi', NULL, NULL, 'India'),
(683, 4152, NULL, 'chennai', NULL, NULL, 'India'),
(684, 4153, NULL, 'vadodara', NULL, NULL, 'India'),
(685, 4154, NULL, 'pune', NULL, NULL, 'India'),
(686, 4154, NULL, 'agra', NULL, NULL, 'India'),
(687, 4156, NULL, 'noida', NULL, NULL, 'India'),
(688, 4158, NULL, 'noida', NULL, NULL, 'India'),
(689, 4159, NULL, 'noida', NULL, NULL, 'India'),
(690, 4160, NULL, 'noida', NULL, NULL, 'India'),
(691, 4161, NULL, 'noida', NULL, NULL, 'India'),
(692, 4163, NULL, 'delhi', NULL, NULL, 'India'),
(693, 4163, NULL, 'gurgaon', NULL, NULL, 'India'),
(694, 4163, NULL, 'faridabad', NULL, NULL, 'India'),
(695, 4165, NULL, 'delhi', NULL, NULL, 'India'),
(696, 4165, NULL, 'faridabad', NULL, NULL, 'India'),
(697, 4166, NULL, 'gurgaon', NULL, NULL, 'India'),
(698, 4166, NULL, 'ahmedabad', NULL, NULL, 'India'),
(699, 4167, NULL, 'ghaziabad', NULL, NULL, 'India'),
(700, 4167, NULL, 'noida', NULL, NULL, 'India'),
(701, 4167, NULL, 'kumar', NULL, NULL, 'India'),
(702, 4168, NULL, 'delhi', NULL, NULL, 'India'),
(703, 4169, NULL, 'faridabad', NULL, NULL, 'India'),
(704, 4170, NULL, 'dehradun', NULL, NULL, 'India'),
(705, 4171, NULL, 'gurgaon', NULL, NULL, 'India'),
(706, 4171, NULL, 'haryana', NULL, NULL, 'India'),
(707, 4173, NULL, 'pat', NULL, NULL, 'India'),
(708, 4174, NULL, 'agra', NULL, NULL, 'India'),
(709, 4174, NULL, 'mathura', NULL, NULL, 'India'),
(710, 4175, NULL, 'noida', NULL, NULL, 'India'),
(711, 4177, NULL, 'gurgaon', NULL, NULL, 'India'),
(712, 4177, NULL, 'pune', NULL, NULL, 'India'),
(713, 4177, NULL, 'noida', NULL, NULL, 'India'),
(714, 4177, NULL, 'haryana', NULL, NULL, 'India'),
(715, 4178, NULL, 'gorakhpur', NULL, NULL, 'India'),
(716, 4180, NULL, 'noida', NULL, NULL, 'India'),
(717, 4183, NULL, 'kota', NULL, NULL, 'India'),
(718, 4184, NULL, 'kota', NULL, NULL, 'India'),
(719, 4185, NULL, 'kota', NULL, NULL, 'India'),
(720, 4186, NULL, 'kota', NULL, NULL, 'India'),
(721, 4188, NULL, 'kota', NULL, NULL, 'India'),
(722, 4189, NULL, 'kota', NULL, NULL, 'India'),
(723, 4190, NULL, 'kota', NULL, NULL, 'India'),
(724, 4191, NULL, 'kota', NULL, NULL, 'India'),
(725, 4192, NULL, 'kota', NULL, NULL, 'India'),
(726, 4193, NULL, 'kota', NULL, NULL, 'India');

INSERT INTO "public"."Candidate" ("Id", "ResumeId", "Title", "FirstName", "LastName", "DOB", "Status", "Experience", "RoleCategory") VALUES
(4077, 4106, 'Unknown', 'Divya', 'Verma', '', 'Null', 0, NULL);
INSERT INTO "public"."Candidate" ("Id", "ResumeId", "Title", "FirstName", "LastName", "DOB", "Status", "Experience", "RoleCategory") VALUES
(4079, 4108, 'Unknown', 'Sachin', 'goel', '', 'Null', 7.83, NULL);
INSERT INTO "public"."Candidate" ("Id", "ResumeId", "Title", "FirstName", "LastName", "DOB", "Status", "Experience", "RoleCategory") VALUES
(4080, 4109, 'Unknown', 'Shraddha', 'Prajapati', '', 'Null', 0, NULL);
INSERT INTO "public"."Candidate" ("Id", "ResumeId", "Title", "FirstName", "LastName", "DOB", "Status", "Experience", "RoleCategory") VALUES
(4081, 4110, 'Unknown', 'Nihal', 'Sharma', '', 'Null', -510, NULL),
(4082, 4111, 'Unknown', 'Satish', 'Singh', '', 'Null', 0, NULL),
(4083, 4112, 'Unknown', 'Rahul', 'Kumar', '', 'Null', 2.33, NULL),
(4084, 4113, 'Unknown', 'Satyam', 'Shukla', '', 'Null', 1.92, NULL),
(4085, 4114, 'Unknown', 'Kiran', 'Sawant', '', 'Null', 0, NULL),
(4086, 4115, 'Unknown', 'Prabhat', 'Rishi', '', 'Null', -3233.33, NULL),
(4087, 4116, 'Unknown', 'Sundaram', 'seth', '', 'Null', 1, NULL),
(4088, 4117, 'Unknown', 'Yaman', 'Kumar', '', 'Null', 0.5, NULL),
(4089, 4118, 'Unknown', 'Navneet', 'Prajapati', '', 'Null', 0, NULL),
(4090, 4119, 'Unknown', 'Manoj', 'Bongarge', '', 'Null', 0, NULL),
(4091, 4120, 'Unknown', 'Onkar', 'kulkarni', '', 'Null', 1.25, NULL),
(4092, 4121, 'Unknown', 'Organization', 'experience', '', 'Null', 3.25, NULL),
(4093, 4122, 'Unknown', 'Gracewaran', 'Joel', '', 'Null', 2.67, NULL),
(4094, 4123, 'Unknown', 'Amit Kumar', 'Sharma', '', 'Null', 0.42, NULL),
(4095, 4124, 'Unknown', 'Latasha', 'Rani', '', 'Null', 4.92, NULL),
(4096, 4125, 'Unknown', '', ' ', '', 'Null', 0.92, NULL),
(4097, 4126, 'Unknown', '', ' ', '', 'Null', 0.92, NULL),
(4098, 4127, 'Unknown', 'Clifford', 'Moses', '', 'Null', -4085, NULL),
(4099, 4128, 'Unknown', 'Mohit', 'Mishra', '', 'Null', 0, NULL),
(4100, 4129, 'Unknown', 'Mohd', 'Abdullah', '', 'Null', 0, NULL),
(4101, 4130, 'Unknown', 'Suvam', 'bhattacharjee', '', 'Null', 0, NULL),
(4102, 4131, 'Unknown', 'Anurag', 'Kaushik', '', 'Null', 0, NULL),
(4103, 4132, 'Unknown', 'Debaranjan', 'Patri', '', 'Null', 0, NULL),
(4104, 4133, 'Unknown', '', ' ', '', 'Null', 0, NULL),
(4105, 4134, 'Unknown', 'Shramit', 'Gupta', '', 'Null', 0.08, NULL),
(4106, 4135, 'Unknown', 'Sourabh', 'Sapkade', '', 'Null', 3.33, NULL),
(4107, 4136, 'Unknown', 'Chetan', 'Kalpande', '', 'Null', 0, NULL),
(4108, 4137, 'Unknown', 'Chetan', 'Bairagi', '', 'Null', 4, NULL),
(4109, 4138, 'Unknown', 'Chetan', 'Prajapati', '', 'Null', -3041, NULL),
(4110, 4139, 'Unknown', 'Chirag', 'Chawda', '', 'Null', 6.33, NULL),
(4111, 4140, 'Unknown', 'Chirag', 'Sahu', '', 'Null', 0, NULL),
(4112, 4141, 'Unknown', 'Chirag', 'Singh', '', 'Null', 727.58, NULL),
(4113, 4142, 'Unknown', 'Chirag', 'Goel', '', 'Null', 0, NULL),
(4114, 4143, 'Unknown', 'Chirag', 'Kumar', '', 'Null', 0, NULL),
(4115, 4144, 'Unknown', 'Shraddha', 'Gaur', '', 'Null', 0, NULL),
(4116, 4145, 'Unknown', 'Deepak', 'Gupta', '', 'Null', 2, NULL),
(4117, 4146, 'Unknown', 'Sayali', 'Arun', '', 'Null', 0, NULL),
(4118, 4147, 'Unknown', 'Deepankar', 'Sharma', '', 'Null', 0, NULL),
(4119, 4148, 'Unknown', 'Chirag', 'Tiwari', '', 'Null', 7.42, NULL),
(4120, 4149, 'Unknown', 'R U P E S H K U M A', 'R', '', 'Null', 0, NULL),
(4121, 4150, 'Unknown', 'Vicky', 'Jagwani', '', 'Null', 11.33, NULL),
(4122, 4151, 'Unknown', 'Raj', 'Roy', '', 'Null', 9.75, NULL),
(4123, 4152, 'Unknown', 'Praveena', 'Kasthuri', '', 'Null', 0, NULL),
(4124, 4153, 'Unknown', 'Priyanshu', 'Singh', '', 'Null', 0.42, NULL),
(4125, 4154, 'Unknown', 'Deepak', 'Gupta', '', 'Null', 0, NULL),
(4126, 4155, 'Unknown', 'Deepak', 'Chutani', '', 'Null', -7354, NULL),
(4127, 4156, 'Unknown', '', ' ', '', 'Null', 0, NULL),
(4128, 4157, 'Unknown', 'Deepak', 'B', '', 'Null', 0, NULL),
(4129, 4158, 'Unknown', '', ' ', '', 'Null', 0, NULL),
(4130, 4159, 'Unknown', '', ' ', '', 'Null', 0, NULL),
(4131, 4160, 'Unknown', '', ' ', '', 'Null', 0, NULL),
(4132, 4161, 'Unknown', 'Current address', 'gurugram', '', 'Null', 0, NULL),
(4133, 4162, 'Unknown', 'Deepak', 'Kumar', '', 'Null', 4.08, NULL),
(4134, 4163, 'Unknown', 'Deepika Arora Hno-774 Sector 29 Near Sector 29 Huda', 'Market', '', 'Null', 0, NULL),
(4135, 4164, 'Unknown', 'Deependra Singh', 'Rajawat', '', 'Null', 0, NULL),
(4136, 4165, 'Unknown', 'Deepender', 'singh', '', 'Null', 0, NULL),
(4137, 4166, 'Unknown', 'Devesh', 'Singh', '', 'Null', 0.83, NULL),
(4138, 4167, 'Unknown', 'Deepesh', 'kumar', '', 'Null', 3.33, NULL),
(4139, 4168, 'Unknown', '', ' ', '', 'Null', 0, NULL),
(4140, 4169, 'Unknown', 'Deepanshu', 'Pandey', '', 'Null', 0, NULL),
(4141, 4170, 'Unknown', 'Deepraj', 'Baidya', '', 'Null', 1.33, NULL),
(4142, 4171, 'Unknown', 'Dev Pratap', 'Singh', '', 'Null', 0, NULL),
(4143, 4172, 'Unknown', 'Devang', 'Garg', '', 'Null', 3.25, NULL),
(4144, 4173, 'Unknown', 'Desam', 'Venkata', '', 'Null', 0, NULL),
(4145, 4174, 'Unknown', 'Devesh', 'Sharma', '', 'Null', 2.08, NULL),
(4146, 4175, 'Unknown', '', ' ', '', 'Null', 0, NULL),
(4147, 4176, 'Unknown', 'D E E P I K A P A N', 'T', '', 'Null', 0.75, NULL),
(4148, 4177, 'Unknown', '', ' ', '', 'Null', 0, NULL),
(4149, 4178, 'Unknown', 'Dheeraj', 'Pandey', '', 'Null', 3.25, NULL),
(4150, 4179, 'Unknown', 'Devansh', 'Hooda', '', 'Null', 0, NULL),
(4151, 4180, 'Unknown', 'Devesh Dubey Business', 'Analyst', '', 'Null', 2, NULL),
(4152, 4181, 'Unknown', 'Devika', 'Tandur', '', 'Null', 3.08, NULL),
(4153, 4182, 'Unknown', 'Dheeraj', 'Verma', '', 'Null', 0, NULL),
(4154, 4183, 'Unknown', '', ' ', '', 'Null', 0.92, NULL),
(4155, 4184, 'Unknown', '', ' ', '', 'Null', 0.92, NULL),
(4156, 4185, 'Unknown', '', ' ', '', 'Null', 0.92, NULL),
(4157, 4186, 'Unknown', '', ' ', '', 'Null', 0.92, NULL),
(4158, 4187, 'Unknown', '', ' ', '', 'Null', 0, NULL),
(4159, 4188, 'Unknown', '', ' ', '', 'Null', 0.92, NULL),
(4160, 4189, 'Unknown', '', ' ', '', 'Null', 0.92, NULL),
(4161, 4190, 'Unknown', '', ' ', '', 'Null', 0.92, NULL),
(4162, 4191, 'Unknown', '', ' ', '', 'Null', 0, NULL),
(4163, 4192, 'Unknown', '', ' ', '', 'Null', 0, NULL),
(4164, 4193, 'Unknown', '', ' ', '', 'Null', 0, NULL);

INSERT INTO "public"."Contact" ("Id", "CandidateId", "ResumeId", "Contact_type", "Contact_value") VALUES
(16051, 4077, 4106, 'linkedin', 'https:///www/linkedin/com');
INSERT INTO "public"."Contact" ("Id", "CandidateId", "ResumeId", "Contact_type", "Contact_value") VALUES
(16052, 4077, 4106, 'Phone_no', '+917017157661');
INSERT INTO "public"."Contact" ("Id", "CandidateId", "ResumeId", "Contact_type", "Contact_value") VALUES
(16053, 4077, 4106, 'Email', 'divyaverma729@gmail.com');
INSERT INTO "public"."Contact" ("Id", "CandidateId", "ResumeId", "Contact_type", "Contact_value") VALUES
(16056, 4079, 4108, 'Phone_no', '+919968893222'),
(16057, 4079, 4108, 'Phone_no', '+97838443883'),
(16058, 4079, 4108, 'Email', 'goel.sachin26@gmail.com'),
(16059, 4080, 4109, 'Phone_no', '6306673120'),
(16060, 4080, 4109, 'Email', 'mailto:Shraddhaprajapati849@gmail.com'),
(16061, 4080, 4109, 'Email', 'Shraddhaprajapati849@gmail.com'),
(16062, 4081, 4110, 'Phone_no', '8427791755'),
(16063, 4081, 4110, 'Email', 'nihalsharma1327@gmail.com'),
(16064, 4082, 4111, 'livevue32', 'http:///www/livevue32/com'),
(16065, 4082, 4111, 'livehahne', 'https:///www/livehahne/com'),
(16066, 4082, 4111, 'insigniaonm', 'http:///www/insigniaonm/com'),
(16067, 4082, 4111, 'africafeeling', 'https:///www/africafeeling/nl'),
(16068, 4082, 4111, 'flagscommunications', 'https:///www/flagscommunications/com'),
(16069, 4082, 4111, 'in', 'http:///eqpt/in'),
(16070, 4082, 4111, '465northpark', 'https:///www/465northpark/com'),
(16071, 4082, 4111, 'com', 'https:///expertairco/com'),
(16072, 4082, 4111, 'theharlo', 'https:///www/theharlo/com'),
(16073, 4082, 4111, 'co', 'https:///itdc/co/in'),
(16074, 4082, 4111, 'daleyshadygrove', 'https:///www/daleyshadygrove/com'),
(16075, 4082, 4111, 'Phone_no', '9990717070'),
(16076, 4082, 4111, 'Email', 'satishsinghnegi86@gmai.com'),
(16077, 4083, 4112, 'linkedin', 'https:///www/linkedin/com'),
(16078, 4083, 4112, 'com', 'www./nopaperforms/com'),
(16079, 4083, 4112, 'Phone_no', '7840027827'),
(16080, 4083, 4112, 'Email', 'rahulkumarrahi@gmail.com'),
(16081, 4084, 4113, 'facebook', 'https:///www/facebook/com'),
(16082, 4084, 4113, 'instagram', 'https:///www/instagram/com'),
(16083, 4084, 4113, 'twitter', 'https:///twitter/home?lang=en'),
(16084, 4084, 4113, 'linkedin', 'https:///www/linkedin/com'),
(16085, 4084, 4113, '234', 'http:///13/234/112'),
(16086, 4084, 4113, '236', 'http:///104/236/4'),
(16087, 4084, 4113, 'movit', 'http:///crm/movit/co'),
(16088, 4084, 4113, 'com', 'https:///twitter/com'),
(16089, 4084, 4113, 'Phone_no', '7705089308'),
(16090, 4084, 4113, 'Phone_no', '+0000495217744'),
(16091, 4084, 4113, 'Email', 'satymshukla01@gmail.com'),
(16092, 4085, 4114, 'Phone_no', '7796922509'),
(16093, 4085, 4114, 'Email', 'sawantkiran365@gmail.com'),
(16094, 4086, 4115, 'linkedin', 'https:///www/linkedin/com'),
(16095, 4086, 4115, 'Phone_no', '9188007331'),
(16096, 4086, 4115, 'Phone_no', '47511516'),
(16097, 4086, 4115, 'Email', 'imprabhatrishi@gmail.com'),
(16098, 4087, 4116, 'stackoverflow', 'https:///stackoverflow/users/11812089/seth'),
(16099, 4087, 4116, 'linkedin', 'https:///www/linkedin/com'),
(16100, 4087, 4116, 'com', 'www./gharpeshiksha/com'),
(16101, 4087, 4116, 'Phone_no', '+919335770023'),
(16102, 4087, 4116, 'Phone_no', '364552230'),
(16103, 4087, 4116, 'Phone_no', '9335770023'),
(16104, 4087, 4116, 'Email', 'sundaramseth.ucer@gmail.com'),
(16105, 4088, 4117, 'Phone_no', '9855117674'),
(16106, 4088, 4117, 'Email', 'yamankumar112@gmail.com'),
(16107, 4089, 4118, 'github', 'https:///navneetprajapati26/github/io'),
(16108, 4089, 4118, 'linkedin', 'https:///www/linkedin/com'),
(16109, 4089, 4118, 'youtube', 'https:///www/youtube/com'),
(16110, 4089, 4118, 'google', 'https:///play/google/com'),
(16111, 4089, 4118, 'pexels', 'https:///www/pexels/com'),
(16112, 4089, 4118, 'com', 'https:///github/com'),
(16113, 4089, 4118, 'sofodel', 'https:///www/sofodel/com'),
(16114, 4089, 4118, 'in', 'http:///mealmate/in'),
(16115, 4089, 4118, 'app', 'https:///gradclubs/app'),
(16116, 4089, 4118, 'org', 'https:///newsapi/org'),
(16117, 4089, 4118, 'Phone_no', '+917271088606'),
(16118, 4089, 4118, 'Email', 'mailto:navneetprajapati26@gmail.com'),
(16119, 4089, 4118, 'Email', 'navneetprajapati26@gmail.com'),
(16120, 4089, 4118, 'Email', 'https://www.youtube.com/@navneetprajapati26'),
(16121, 4090, 4119, 'linkedin', 'linkedin/manojmb101'),
(16122, 4090, 4119, 'Phone_no', '9960938843'),
(16123, 4090, 4119, 'Email', 'manojmb101@gmail.com'),
(16124, 4091, 4120, 'linkedin', 'https:///www/linkedin/com'),
(16125, 4091, 4120, 'google', 'https:///play/google/com'),
(16126, 4091, 4120, 'Phone_no', '+919657241973'),
(16127, 4091, 4120, 'Email', 'onkarklkrn@gmail.com'),
(16128, 4092, 4121, 'linkedin', 'https:///www/linkedin/com'),
(16129, 4092, 4121, 'github', 'https:///github/nandaprasetio97'),
(16130, 4092, 4121, 'dicoding', 'https:///www/dicoding/com'),
(16131, 4092, 4121, 'google', 'https:///play/google/com'),
(16132, 4092, 4121, 'com', 'https:///github/com'),
(16133, 4092, 4121, 'daruestates', 'https:///www/daruestates/com'),
(16134, 4092, 4121, 'Phone_no', '628221349'),
(16135, 4092, 4121, 'Phone_no', '3153357'),
(16136, 4092, 4121, 'Phone_no', '3153357'),
(16137, 4092, 4121, 'Phone_no', '3153357'),
(16138, 4092, 4121, 'Phone_no', '3153357'),
(16139, 4092, 4121, 'Phone_no', '3153357'),
(16140, 4092, 4121, 'Phone_no', '3153357'),
(16141, 4092, 4121, 'Phone_no', '3153357'),
(16142, 4092, 4121, 'Phone_no', '3153357'),
(16143, 4092, 4121, 'Phone_no', '3153357'),
(16144, 4092, 4121, 'Phone_no', '3153357'),
(16145, 4092, 4121, 'Phone_no', '3153357'),
(16146, 4092, 4121, 'Phone_no', '3153357'),
(16147, 4092, 4121, 'Email', 'yonatan.ripandrasinaga@gmail.com'),
(16148, 4092, 4121, 'Email', 'mailto:yonatan.ripandrasinaga@gmail.com'),
(16149, 4093, 4122, 'Phone_no', '+916369470121'),
(16150, 4093, 4122, 'Email', 'mailto:gracewaran16@gmail.com'),
(16151, 4093, 4122, 'Email', 'gracewaran16@gmail.com'),
(16152, 4094, 4123, 'apple', 'https:///apps/apple/com'),
(16153, 4094, 4123, 'google', 'https:///play/google/com'),
(16154, 4094, 4123, 'Phone_no', '+91953657303'),
(16155, 4094, 4123, 'Phone_no', '6447241518'),
(16156, 4094, 4123, 'Phone_no', '1669479753'),
(16157, 4094, 4123, 'Phone_no', '6447241518'),
(16158, 4094, 4123, 'Phone_no', '1669479753'),
(16159, 4094, 4123, 'Phone_no', '1669479753'),
(16160, 4094, 4123, 'Email', 'mailto:mr.amitsharma92@gmail.com'),
(16161, 4094, 4123, 'Email', 'mr.amitsharma92@gmail.com'),
(16162, 4095, 4124, 'Phone_no', '+918860837844'),
(16163, 4095, 4124, 'Email', 'latashajuneja4500@gmail.com'),
(16164, 4096, 4125, 'github', 'https:///github/harshkumarkhatri/Draw-It-App-Flutter'),
(16165, 4096, 4125, 'linkedin', 'https:///www/linkedin/com'),
(16166, 4096, 4125, 'udemy', 'https:///www/udemy/com'),
(16167, 4096, 4125, 'com', 'https:///github/com'),
(16168, 4096, 4125, 'coursera', 'https:///www/coursera/org'),
(16169, 4096, 4125, 'community', 'https:///gdsc/community/dev'),
(16170, 4096, 4125, 'Phone_no', '+916376840832'),
(16171, 4096, 4125, 'Email', 'mailharshkhatri@gmail.com'),
(16172, 4096, 4125, 'Email', 'mailto:mailharshkhatri@gmail.com');
INSERT INTO "public"."Contact" ("Id", "CandidateId", "ResumeId", "Contact_type", "Contact_value") VALUES
(16173, 4097, 4126, 'github', 'https:///github/harshkumarkhatri/Draw-It-App-Flutter');
INSERT INTO "public"."Contact" ("Id", "CandidateId", "ResumeId", "Contact_type", "Contact_value") VALUES
(16174, 4097, 4126, 'linkedin', 'https:///www/linkedin/com');
INSERT INTO "public"."Contact" ("Id", "CandidateId", "ResumeId", "Contact_type", "Contact_value") VALUES
(16175, 4097, 4126, 'udemy', 'https:///www/udemy/com'),
(16176, 4097, 4126, 'com', 'https:///github/com'),
(16177, 4097, 4126, 'coursera', 'https:///www/coursera/org'),
(16178, 4097, 4126, 'community', 'https:///gdsc/community/dev'),
(16179, 4097, 4126, 'Phone_no', '+916376840832'),
(16180, 4097, 4126, 'Email', 'mailharshkhatri@gmail.com'),
(16181, 4097, 4126, 'Email', 'mailto:mailharshkhatri@gmail.com'),
(16182, 4098, 4127, 'linkedin', 'https:///www/linkedin/com'),
(16183, 4098, 4127, 'Phone_no', '9841575656'),
(16184, 4098, 4127, 'Email', 'cliffordmoses@gmail.com'),
(16185, 4099, 4128, 'Phone_no', '+919997073241'),
(16186, 4099, 4128, 'Phone_no', '2140124582'),
(16187, 4099, 4128, 'Phone_no', '2140125143'),
(16188, 4099, 4128, 'Email', 'mailto:Mohitmis9997@gmail.com'),
(16189, 4099, 4128, 'Email', 'Mohitmis9997@gmail.com'),
(16190, 4100, 4129, 'Phone_no', '8273089215'),
(16191, 4100, 4129, 'Email', 'MOHDABDULLAH645@GMAIL.COM'),
(16192, 4100, 4129, 'Email', 'mailto:MOHDABDULLAH645@gmail.com'),
(16193, 4101, 4130, 'google', 'https:///play/google/com'),
(16194, 4101, 4130, 'linkedin', 'https:///www/linkedin/com'),
(16195, 4101, 4130, 'Phone_no', '9875434323'),
(16196, 4101, 4130, 'Email', 'suvam.info.01@gmail.com'),
(16197, 4102, 4131, 'Phone_no', '9187007407'),
(16198, 4102, 4131, 'Email', 'mailto:anurag12008@gmail.com'),
(16199, 4102, 4131, 'Email', 'anurag12008@gmail.com'),
(16200, 4103, 4132, 'in', 'https:///vodafone/in'),
(16201, 4103, 4132, 'Phone_no', '+919861728383'),
(16202, 4103, 4132, 'Phone_no', '70217802'),
(16203, 4103, 4132, 'Email', 'devrp555@gmail.com'),
(16204, 4103, 4132, 'Email', 'debaranjanpatri@gmail.com'),
(16205, 4103, 4132, 'Email', 'mailto:debaranjanpatri@gmail.com'),
(16206, 4103, 4132, 'Email', 'mailto:devrp555@gmail.com'),
(16207, 4104, 4133, 'Phone_no', '+919520412311'),
(16208, 4104, 4133, 'Email', 'mailto:er.ankush95@gmail.com'),
(16209, 4104, 4133, 'Email', 'er.ankush95@gmail.com'),
(16210, 4105, 4134, 'linkedin', 'https:///www/linkedin/com'),
(16211, 4105, 4134, 'github', 'https:///github/shramitgupta'),
(16212, 4105, 4134, 'com', 'https:///schoolonedtech/com'),
(16213, 4105, 4134, 'verasocial', 'https:///www/verasocial/co'),
(16214, 4105, 4134, 'writespaceinfotech', 'https:///www/writespaceinfotech/com'),
(16215, 4105, 4134, 'in', 'http:///payvoy/in'),
(16216, 4105, 4134, 'Phone_no', '+919889520123'),
(16217, 4105, 4134, 'Email', 'shramitgupta1212@gmail.com'),
(16218, 4105, 4134, 'Email', 'mailto:shramitgupta1212@gmail.com'),
(16219, 4106, 4135, 'Phone_no', '6265270716'),
(16220, 4106, 4135, 'Email', 'Sourabhsap99@gmail.com'),
(16221, 4107, 4136, 'Phone_no', '7276894851'),
(16222, 4107, 4136, 'Email', 'iamchetankalpande@gmail.com'),
(16223, 4107, 4136, 'Email', 'mailto:iamchetankalpande@gmail.com'),
(16224, 4108, 4137, 'pepperfry', 'https:///www/pepperfry/com'),
(16225, 4108, 4137, 'playshifu', 'https:///www/playshifu/com'),
(16226, 4108, 4137, 'Phone_no', '9170319490'),
(16227, 4108, 4137, 'Email', 'chetanbairagi111@gmail.com'),
(16228, 4109, 4138, 'linkedin', 'https:///www/linkedin/com'),
(16229, 4109, 4138, 'Phone_no', '9997424525'),
(16230, 4109, 4138, 'Phone_no', '595429132'),
(16231, 4109, 4138, 'Email', 'mailto:cprejapati4@gmail.com'),
(16232, 4109, 4138, 'Email', 'cprejapati4@gmail.com'),
(16233, 4110, 4139, 'linkedin', 'https:///www/linkedin/com'),
(16234, 4110, 4139, 'instagram', 'https:///www/instagram/com'),
(16235, 4110, 4139, 'twitter', 'https:///twitter/ChiragKChawda'),
(16236, 4110, 4139, 'me', 'https:///wa/me'),
(16237, 4110, 4139, 'com', 'https:///twitter/com'),
(16238, 4110, 4139, 'Phone_no', '9967701061'),
(16239, 4110, 4139, 'Phone_no', '+91996770106'),
(16240, 4110, 4139, 'Phone_no', '5204201'),
(16241, 4110, 4139, 'Phone_no', '+91996770106'),
(16242, 4110, 4139, 'Email', 'chiragchawda0427@gmail.com'),
(16243, 4110, 4139, 'Email', 'mailto:chiragchawda0427@gmail.com'),
(16244, 4111, 4140, 'linkedin', 'www./linkedin/in/chiragsahu'),
(16245, 4111, 4140, 'github', 'github/chiragsahu'),
(16246, 4111, 4140, 'com', 'www./linkedin/com'),
(16247, 4111, 4140, 'Phone_no', '+917974475467'),
(16248, 4111, 4140, 'Email', 'chiragsahu2020@gmail.com'),
(16249, 4112, 4141, 'linkedin', 'http:///www/linkedin/com'),
(16250, 4112, 4141, 'github', 'https:///github/chiragsinghchaudhary'),
(16251, 4112, 4141, 'tableau', 'https:///public/tableau/com'),
(16252, 4112, 4141, 'com', 'https:///github/com'),
(16253, 4112, 4141, 'Phone_no', '9190271175'),
(16254, 4112, 4141, 'Phone_no', '7055777710'),
(16255, 4112, 4141, 'Email', 'chaudharychiragsingh@gmail.com'),
(16256, 4112, 4141, 'Email', 'mailto:chaudharychiragsingh@gmail.com'),
(16257, 4113, 4142, 'Phone_no', '+919896272720'),
(16258, 4113, 4142, 'Email', 'mgoyal279@gmail.com'),
(16259, 4114, 4143, 'github', 'https:///github/CHIRAG202'),
(16260, 4114, 4143, 'leetcode', 'https:///leetcode/Chirag1998'),
(16261, 4114, 4143, 'com', 'https:///leetcode/com'),
(16262, 4114, 4143, 'Phone_no', '+917982084548'),
(16263, 4114, 4143, 'Email', 'kumarchiragixa@gmail.com'),
(16264, 4115, 4144, 'Phone_no', '91XXXXXXXX'),
(16265, 4115, 4144, 'Email', 'shraddhagaur2230@gmail.com'),
(16266, 4116, 4145, 'Phone_no', '+918767713354'),
(16267, 4116, 4145, 'Phone_no', '9049980683'),
(16268, 4116, 4145, 'Email', 'deepak24oct85@gmail.com'),
(16269, 4117, 4146, 'Phone_no', '+917083997332'),
(16270, 4117, 4146, 'Phone_no', '+917414993173'),
(16271, 4117, 4146, 'Email', 'mailto:Sayaliambavane73@gmail.com'),
(16272, 4117, 4146, 'Email', 'Sayaliambavane80@gmail.com'),
(16273, 4117, 4146, 'Email', 'mailto:Sayaliambavane80@gmail.com'),
(16274, 4117, 4146, 'Email', 'Sayaliambavane73@gmail.com'),
(16275, 4118, 4147, 'linkedin', 'https:///www/linkedin/com'),
(16276, 4118, 4147, 'Phone_no', '9199104394'),
(16277, 4118, 4147, 'Phone_no', '5483437'),
(16278, 4118, 4147, 'Email', 'deepankar.51184@gmail.com'),
(16279, 4118, 4147, 'Email', '%20deepankar.51184@gmail.com'),
(16280, 4119, 4148, 'linkedin', 'https:///in/linkedin/com'),
(16281, 4119, 4148, 'Phone_no', '+917259920611'),
(16282, 4119, 4148, 'Email', 'chirag.tiwari18@gmail.com'),
(16283, 4120, 4149, 'techorbit', 'https:///www/techorbit/com'),
(16284, 4120, 4149, 'talentedge', 'https:///www/talentedge/com'),
(16285, 4120, 4149, 'webcodey', 'http:///www/webcodey/com'),
(16286, 4120, 4149, 'com', 'http:///roshaliving/com'),
(16287, 4120, 4149, 'pfizer', 'https:///www/pfizer/com'),
(16288, 4120, 4149, 'tcs', 'https:///www/tcs/com'),
(16289, 4120, 4149, 'web4bharat', 'http:///www/web4bharat/com'),
(16290, 4120, 4149, 'mdiwebservices', 'http:///www/mdiwebservices/com'),
(16291, 4120, 4149, 'ultimatix', 'https:///auth/ultimatix/net'),
(16292, 4120, 4149, 'tradedolphins', 'https:///divyamritva/tradedolphins/com');
INSERT INTO "public"."Contact" ("Id", "CandidateId", "ResumeId", "Contact_type", "Contact_value") VALUES
(16293, 4120, 4149, 'org', 'https:///biharmuseumbiennale2021/org');
INSERT INTO "public"."Contact" ("Id", "CandidateId", "ResumeId", "Contact_type", "Contact_value") VALUES
(16294, 4120, 4149, 'in', 'http:///graphifiers/in');
INSERT INTO "public"."Contact" ("Id", "CandidateId", "ResumeId", "Contact_type", "Contact_value") VALUES
(16295, 4120, 4149, 'weddingchapters', 'https:///new/weddingchapters/in'),
(16296, 4120, 4149, 'jarmatrixcosmetics', 'https:///www/jarmatrixcosmetics/com'),
(16297, 4120, 4149, 'edhacare', 'https:///www/edhacare/com'),
(16298, 4120, 4149, 'bihanimarketing', 'http:///new/bihanimarketing/com'),
(16299, 4120, 4149, 'webweddings', 'http:///indo/webweddings/in'),
(16300, 4120, 4149, 'rkinds', 'https:///www/rkinds/com'),
(16301, 4120, 4149, 'joff', 'http:///globe/joff/in'),
(16302, 4120, 4149, 'Phone_no', '48556767'),
(16303, 4120, 4149, 'Phone_no', '+917827493014'),
(16304, 4120, 4149, 'Phone_no', '7294915696'),
(16305, 4120, 4149, 'Email', 'mailto:rupeshkumarcs@gmail.com'),
(16306, 4120, 4149, 'Email', 'ruRrurupeshkumarcs@gmail.c'),
(16307, 4120, 4149, 'Email', 'rupeshkumarcs@gmail.com'),
(16308, 4121, 4150, 'Phone_no', '9197116152'),
(16309, 4121, 4150, 'Email', 'vickyjagwani@gmail.com'),
(16310, 4121, 4150, 'Email', 'mailto://vickyjagwani@gmail.com'),
(16311, 4122, 4151, 'linkedin', 'https:///www/linkedin/com'),
(16312, 4122, 4151, 'northeastadvisor', 'http:///www/northeastadvisor/in'),
(16313, 4122, 4151, 'Phone_no', '8415076121'),
(16314, 4122, 4151, 'Email', 'rjroy04@gmail.com'),
(16315, 4123, 4152, 'exeter', 'https:///www/exeter/ac'),
(16316, 4123, 4152, 'Phone_no', '9551435544'),
(16317, 4123, 4152, 'Phone_no', '+919551435544'),
(16318, 4123, 4152, 'Email', 'bobpra9k@yahoo.com'),
(16319, 4123, 4152, 'Email', 'mailto:bobpra9k@yahoo.com'),
(16320, 4124, 4153, 'Phone_no', '9773000848'),
(16321, 4124, 4153, 'Phone_no', '4151722'),
(16322, 4124, 4153, 'Email', 'ps4151722@gmail.com'),
(16323, 4125, 4154, 'linkedin', 'https:///www/linkedin/com'),
(16324, 4125, 4154, 'github', 'https:///github/Deepak-gupta21'),
(16325, 4125, 4154, 'com', 'https:///github/com'),
(16326, 4125, 4154, 'Phone_no', '8318354533'),
(16327, 4125, 4154, 'Email', 'deepak.gupta.empower@gmail.com'),
(16328, 4126, 4155, 'Phone_no', '8860150438'),
(16329, 4126, 4155, 'Email', 'deepakchutani11@gmail.com|'),
(16330, 4127, 4156, 'linkedin', 'https:///www/linkedin/com'),
(16331, 4127, 4156, 'github', 'https:///github/itzmeorush'),
(16332, 4127, 4156, 'com', 'https:///github/com'),
(16333, 4127, 4156, 'vercel', 'https:///netflixchillpill/vercel/app'),
(16334, 4127, 4156, 'themoviedb', 'https:///developers/themoviedb/org'),
(16335, 4127, 4156, 'Phone_no', '+918287055160'),
(16336, 4127, 4156, 'Email', 'deepanshukushwaha@gmail.com'),
(16337, 4127, 4156, 'Email', 'mailto:deepanshukushwaha@gmail.com'),
(16338, 4128, 4157, 'linkedin', 'https:///www/linkedin/com'),
(16339, 4128, 4157, 'Phone_no', '9002021'),
(16340, 4128, 4157, 'Phone_no', '+91955584217'),
(16341, 4128, 4157, 'Phone_no', '+917032401307'),
(16342, 4128, 4157, 'Email', 'mailto:deepak019960@gmail.com'),
(16343, 4128, 4157, 'Email', 'deepak019960@gmail.com'),
(16344, 4129, 4158, 'linkedin', 'https:///www/linkedin/com'),
(16345, 4129, 4158, 'github', 'https:///github/itzmeorush'),
(16346, 4129, 4158, 'com', 'https:///github/com'),
(16347, 4129, 4158, 'vercel', 'https:///netflixchillpill/vercel/app'),
(16348, 4129, 4158, 'themoviedb', 'https:///developers/themoviedb/org'),
(16349, 4129, 4158, 'Phone_no', '+918287055160'),
(16350, 4129, 4158, 'Email', 'deepanshukushwaha@gmail.com'),
(16351, 4129, 4158, 'Email', 'mailto:deepanshukushwaha@gmail.com'),
(16352, 4130, 4159, 'linkedin', 'https:///www/linkedin/com'),
(16353, 4130, 4159, 'github', 'https:///github/itzmeorush'),
(16354, 4130, 4159, 'com', 'https:///github/com'),
(16355, 4130, 4159, 'vercel', 'https:///netflixchillpill/vercel/app'),
(16356, 4130, 4159, 'themoviedb', 'https:///developers/themoviedb/org'),
(16357, 4130, 4159, 'Phone_no', '+918287055160'),
(16358, 4130, 4159, 'Email', 'deepanshukushwaha@gmail.com'),
(16359, 4130, 4159, 'Email', 'mailto:deepanshukushwaha@gmail.com'),
(16360, 4131, 4160, 'linkedin', 'https:///www/linkedin/com'),
(16361, 4131, 4160, 'github', 'https:///github/itzmeorush'),
(16362, 4131, 4160, 'com', 'https:///github/com'),
(16363, 4131, 4160, 'vercel', 'https:///netflixchillpill/vercel/app'),
(16364, 4131, 4160, 'themoviedb', 'https:///developers/themoviedb/org'),
(16365, 4131, 4160, 'Phone_no', '+918287055160'),
(16366, 4131, 4160, 'Email', 'deepanshukushwaha@gmail.com'),
(16367, 4131, 4160, 'Email', 'mailto:deepanshukushwaha@gmail.com'),
(16368, 4132, 4161, 'Phone_no', '9180104980'),
(16369, 4132, 4161, 'Email', 'gautam.vd@gmail.com'),
(16370, 4133, 4162, 'linkedin', 'https:///www/linkedin/com'),
(16371, 4133, 4162, 'github', 'https:///github/Chaubeydeepak'),
(16372, 4133, 4162, 'com', 'https:///github/com'),
(16373, 4133, 4162, 'Phone_no', '+917563936074'),
(16374, 4133, 4162, 'Phone_no', '484282207'),
(16375, 4133, 4162, 'Phone_no', '+917563936074'),
(16376, 4133, 4162, 'Email', 'mailto:dc841662@gmail.com'),
(16377, 4133, 4162, 'Email', 'dc841662@gmail.com'),
(16378, 4134, 4163, 'Phone_no', '9654904896'),
(16379, 4134, 4163, 'Email', 'deepika.arora0407@gmail.com'),
(16380, 4135, 4164, 'Phone_no', '+918302289656'),
(16381, 4135, 4164, 'Email', 'deependrasingh2530@gmail.com'),
(16382, 4135, 4164, 'Email', 'mailto:deependrasingh2530@gmail.com'),
(16383, 4136, 4165, 'linkedin', 'https:///www/linkedin/com'),
(16384, 4136, 4165, 'Phone_no', '+919873564374'),
(16385, 4136, 4165, 'Phone_no', '80504921'),
(16386, 4136, 4165, 'Email', '99180deependerrathore@gmail.com'),
(16387, 4137, 4166, 'Samsung', 'Samsung/Shop'),
(16388, 4137, 4166, 'Phone_no', '+917307452476'),
(16389, 4137, 4166, 'Email', 'Deveshsingh15jan@gmail.com'),
(16390, 4138, 4167, 'github', 'https:///github/deep-esh7'),
(16391, 4138, 4167, 'linkedin', 'https:///www/linkedin/com'),
(16392, 4138, 4167, 'google', 'https:///play/google/com'),
(16393, 4138, 4167, 'googleapis', 'https:///firebasestorage/googleapis/com'),
(16394, 4138, 4167, 'com', 'https:///github/com'),
(16395, 4138, 4167, 'Phone_no', '+919557920831'),
(16396, 4138, 4167, 'Phone_no', '+91955792083'),
(16397, 4138, 4167, 'Phone_no', '4714569'),
(16398, 4138, 4167, 'Email', 'mailto:dkdeepeshkumar5@gmail.com'),
(16399, 4138, 4167, 'Email', 'dkdeepeshkumar5@gmail.com'),
(16400, 4139, 4168, 'Phone_no', '9521093527'),
(16401, 4139, 4168, 'Email', 'deveshchoudhary401@gmail.com'),
(16402, 4140, 4169, 'github', 'https:///github/Deepanshu850/movie-app-react-.git'),
(16403, 4140, 4169, 'leetcode', 'https:///leetcode/deepanshu365'),
(16404, 4140, 4169, 'udemy', 'https:///www/udemy/com'),
(16405, 4140, 4169, 'google', 'https:///drive/google/com'),
(16406, 4140, 4169, 'host4india', 'https:///training/host4india/in'),
(16407, 4140, 4169, 'com', 'https:///leetcode/com'),
(16408, 4140, 4169, 'geeksforgeeks', 'https:///auth/geeksforgeeks/org'),
(16409, 4140, 4169, 'Phone_no', '9599840723'),
(16410, 4140, 4169, 'Email', 'password-dgpampgt@123');
INSERT INTO "public"."Contact" ("Id", "CandidateId", "ResumeId", "Contact_type", "Contact_value") VALUES
(16411, 4140, 4169, 'Email', 'dipanshu23kumar@Gmail.com');
INSERT INTO "public"."Contact" ("Id", "CandidateId", "ResumeId", "Contact_type", "Contact_value") VALUES
(16412, 4140, 4169, 'Email', 'son@deepanshu.cloud');
INSERT INTO "public"."Contact" ("Id", "CandidateId", "ResumeId", "Contact_type", "Contact_value") VALUES
(16413, 4141, 4170, 'twitter', 'https:///twitter/Deepraj022'),
(16414, 4141, 4170, 'linkedin', 'https:///www/linkedin/com'),
(16415, 4141, 4170, 'github', 'https:///github/deepraj02/flutter_native'),
(16416, 4141, 4170, 'co', 'https:///deeprajbaidya/co'),
(16417, 4141, 4170, 'com', 'https:///github/com'),
(16418, 4141, 4170, 'hashnode', 'https:///thelocaldev/hashnode/dev'),
(16419, 4141, 4170, 'tech', 'https:///oncampus/tech'),
(16420, 4141, 4170, 'dev', 'https:///pub/dev'),
(16421, 4141, 4170, 'Phone_no', '91XXXXXXXX'),
(16422, 4141, 4170, 'Email', 'deeprajbaidya@gmail.com'),
(16423, 4141, 4170, 'Email', 'mailto:deeprajbaidya@gmail.com'),
(16424, 4142, 4171, 'linkedin', 'linkedin/in/dev-singh-a8141a141'),
(16425, 4142, 4171, 'Phone_no', '90507310'),
(16426, 4142, 4171, 'Email', 'dv.prtp.sngh.05@gmail.com'),
(16427, 4143, 4172, 'Phone_no', '9582839753'),
(16428, 4143, 4172, 'Email', 'devang_garg@yahoo.co.in'),
(16429, 4143, 4172, 'Email', 'mailto:devang_garg@yahoo.co.in'),
(16430, 4144, 4173, 'linkden', 'https:///www/linkden/com'),
(16431, 4144, 4173, 'Phone_no', '8142281097'),
(16432, 4144, 4173, 'Phone_no', '8142281097'),
(16433, 4144, 4173, 'Email', 'mailto:vdesam1999@gmail.com'),
(16434, 4144, 4173, 'Email', 'vdesam1999@gmail.com'),
(16435, 4145, 4174, 'linkedin', 'https:///www/linkedin/com'),
(16436, 4145, 4174, 'Phone_no', '+917088826969'),
(16437, 4145, 4174, 'Phone_no', '29754018'),
(16438, 4145, 4174, 'Email', 'deveshsharmajagariya@gmail.com'),
(16439, 4146, 4175, 'linkedin', 'https:///www/linkedin/com'),
(16440, 4146, 4175, 'github', 'https:///github/itzmeorush'),
(16441, 4146, 4175, 'com', 'https:///github/com'),
(16442, 4146, 4175, 'vercel', 'https:///netflixchillpill/vercel/app'),
(16443, 4146, 4175, 'themoviedb', 'https:///developers/themoviedb/org'),
(16444, 4146, 4175, 'Phone_no', '+918287055160'),
(16445, 4146, 4175, 'Email', 'deepanshukushwaha@gmail.com'),
(16446, 4146, 4175, 'Email', 'mailto:deepanshukushwaha@gmail.com'),
(16447, 4147, 4176, 'Phone_no', '8449396700'),
(16448, 4147, 4176, 'Email', 'Deepika2893@gmail.com'),
(16449, 4147, 4176, 'Email', 'mailto:Deepika2893@gmail.com'),
(16450, 4148, 4177, 'linkedin', 'https:///www/linkedin/com'),
(16451, 4148, 4177, 'Phone_no', '9673910067'),
(16452, 4148, 4177, 'Phone_no', '78780717'),
(16453, 4148, 4177, 'Email', 'dev.ex.tech@gmail.com'),
(16454, 4149, 4178, 'linkedin', 'linkedin/in/dhrjpndy'),
(16455, 4149, 4178, 'github', 'github/kartikpandey'),
(16456, 4149, 4178, 'Phone_no', '+27321278604'),
(16457, 4149, 4178, 'Email', 'mr.dhrjpndy@live.in'),
(16458, 4150, 4179, 'google', 'https:///play/google/com'),
(16459, 4150, 4179, 'hackerrank', 'https:///www/hackerrank/com'),
(16460, 4150, 4179, 'linkedin', 'https:///www/linkedin/com'),
(16461, 4150, 4179, 'github', 'https:///github/devanshhooda/fabo_example/'),
(16462, 4150, 4179, 'com', 'https:///github/com'),
(16463, 4150, 4179, 'chargepoint', 'http:///driver/chargepoint/com'),
(16464, 4150, 4179, 'Phone_no', '+91931965995'),
(16465, 4150, 4179, 'Email', 'devanshstan17@gmail.com'),
(16466, 4150, 4179, 'Email', 'mailto:devanshstan17@gmail.com'),
(16467, 4151, 4180, 'Phone_no', '+917795602376'),
(16468, 4151, 4180, 'Email', 'mailto:Deveshdubey21@gmail.com'),
(16469, 4151, 4180, 'Email', 'Deveshdubey21@gmail.com'),
(16470, 4152, 4181, 'Phone_no', '+917619139218'),
(16471, 4152, 4181, 'Email', 'devi.tandur@gmail.com'),
(16472, 4153, 4182, 'gmail', 'gmail/github.com/vermadheeraj'),
(16473, 4153, 4182, 'Phone_no', '8602912044'),
(16474, 4153, 4182, 'Email', 'dheerajverma1198@gmail.com/github.com/vermadheeraj'),
(16475, 4154, 4183, 'github', 'https:///github/harshkumarkhatri/Draw-It-App-Flutter'),
(16476, 4154, 4183, 'linkedin', 'https:///www/linkedin/com'),
(16477, 4154, 4183, 'udemy', 'https:///www/udemy/com'),
(16478, 4154, 4183, 'com', 'https:///github/com'),
(16479, 4154, 4183, 'coursera', 'https:///www/coursera/org'),
(16480, 4154, 4183, 'community', 'https:///gdsc/community/dev'),
(16481, 4154, 4183, 'Phone_no', '+916376840832'),
(16482, 4154, 4183, 'Email', 'mailharshkhatri@gmail.com'),
(16483, 4154, 4183, 'Email', 'mailto:mailharshkhatri@gmail.com'),
(16484, 4155, 4184, 'github', 'https:///github/harshkumarkhatri/Draw-It-App-Flutter'),
(16485, 4155, 4184, 'linkedin', 'https:///www/linkedin/com'),
(16486, 4155, 4184, 'udemy', 'https:///www/udemy/com'),
(16487, 4155, 4184, 'com', 'https:///github/com'),
(16488, 4155, 4184, 'coursera', 'https:///www/coursera/org'),
(16489, 4155, 4184, 'community', 'https:///gdsc/community/dev'),
(16490, 4155, 4184, 'Phone_no', '+916376840832'),
(16491, 4155, 4184, 'Email', 'mailharshkhatri@gmail.com'),
(16492, 4155, 4184, 'Email', 'mailto:mailharshkhatri@gmail.com'),
(16493, 4156, 4185, 'github', 'https:///github/harshkumarkhatri/Draw-It-App-Flutter'),
(16494, 4156, 4185, 'linkedin', 'https:///www/linkedin/com'),
(16495, 4156, 4185, 'udemy', 'https:///www/udemy/com'),
(16496, 4156, 4185, 'com', 'https:///github/com'),
(16497, 4156, 4185, 'coursera', 'https:///www/coursera/org'),
(16498, 4156, 4185, 'community', 'https:///gdsc/community/dev'),
(16499, 4156, 4185, 'Phone_no', '+916376840832'),
(16500, 4156, 4185, 'Email', 'mailharshkhatri@gmail.com'),
(16501, 4156, 4185, 'Email', 'mailto:mailharshkhatri@gmail.com'),
(16502, 4157, 4186, 'github', 'https:///github/harshkumarkhatri/Draw-It-App-Flutter'),
(16503, 4157, 4186, 'linkedin', 'https:///www/linkedin/com'),
(16504, 4157, 4186, 'udemy', 'https:///www/udemy/com'),
(16505, 4157, 4186, 'com', 'https:///github/com'),
(16506, 4157, 4186, 'coursera', 'https:///www/coursera/org'),
(16507, 4157, 4186, 'community', 'https:///gdsc/community/dev'),
(16508, 4157, 4186, 'Phone_no', '+916376840832'),
(16509, 4157, 4186, 'Email', 'mailharshkhatri@gmail.com'),
(16510, 4157, 4186, 'Email', 'mailto:mailharshkhatri@gmail.com'),
(16511, 4158, 4187, 'Phone_no', '+919520412311'),
(16512, 4158, 4187, 'Email', 'mailto:er.ankush95@gmail.com'),
(16513, 4158, 4187, 'Email', 'er.ankush95@gmail.com'),
(16514, 4159, 4188, 'github', 'https:///github/harshkumarkhatri/Draw-It-App-Flutter'),
(16515, 4159, 4188, 'linkedin', 'https:///www/linkedin/com'),
(16516, 4159, 4188, 'udemy', 'https:///www/udemy/com'),
(16517, 4159, 4188, 'com', 'https:///github/com'),
(16518, 4159, 4188, 'coursera', 'https:///www/coursera/org'),
(16519, 4159, 4188, 'community', 'https:///gdsc/community/dev'),
(16520, 4159, 4188, 'Phone_no', '+916376840832'),
(16521, 4159, 4188, 'Email', 'mailharshkhatri@gmail.com'),
(16522, 4159, 4188, 'Email', 'mailto:mailharshkhatri@gmail.com'),
(16523, 4160, 4189, 'github', 'https:///github/harshkumarkhatri/Draw-It-App-Flutter'),
(16524, 4160, 4189, 'linkedin', 'https:///www/linkedin/com'),
(16525, 4160, 4189, 'udemy', 'https:///www/udemy/com'),
(16526, 4160, 4189, 'com', 'https:///github/com');
INSERT INTO "public"."Contact" ("Id", "CandidateId", "ResumeId", "Contact_type", "Contact_value") VALUES
(16527, 4160, 4189, 'coursera', 'https:///www/coursera/org');
INSERT INTO "public"."Contact" ("Id", "CandidateId", "ResumeId", "Contact_type", "Contact_value") VALUES
(16528, 4160, 4189, 'community', 'https:///gdsc/community/dev');
INSERT INTO "public"."Contact" ("Id", "CandidateId", "ResumeId", "Contact_type", "Contact_value") VALUES
(16529, 4160, 4189, 'Phone_no', '+916376840832'),
(16530, 4160, 4189, 'Email', 'mailharshkhatri@gmail.com'),
(16531, 4160, 4189, 'Email', 'mailto:mailharshkhatri@gmail.com'),
(16532, 4161, 4190, 'github', 'https:///github/harshkumarkhatri/Draw-It-App-Flutter'),
(16533, 4161, 4190, 'linkedin', 'https:///www/linkedin/com'),
(16534, 4161, 4190, 'udemy', 'https:///www/udemy/com'),
(16535, 4161, 4190, 'com', 'https:///github/com'),
(16536, 4161, 4190, 'coursera', 'https:///www/coursera/org'),
(16537, 4161, 4190, 'community', 'https:///gdsc/community/dev'),
(16538, 4161, 4190, 'Phone_no', '+916376840832'),
(16539, 4161, 4190, 'Email', 'mailharshkhatri@gmail.com'),
(16540, 4161, 4190, 'Email', 'mailto:mailharshkhatri@gmail.com'),
(16541, 4162, 4191, 'github', 'https:///github/harshkumarkhatri/Draw-It-App-Flutter'),
(16542, 4162, 4191, 'linkedin', 'https:///www/linkedin/com'),
(16543, 4162, 4191, 'udemy', 'https:///www/udemy/com'),
(16544, 4162, 4191, 'com', 'https:///github/com'),
(16545, 4162, 4191, 'coursera', 'https:///www/coursera/org'),
(16546, 4162, 4191, 'community', 'https:///gdsc/community/dev'),
(16547, 4162, 4191, 'Phone_no', '+916376840832'),
(16548, 4162, 4191, 'Email', 'mailharshkhatri@gmail.com'),
(16549, 4162, 4191, 'Email', 'mailto:mailharshkhatri@gmail.com'),
(16550, 4163, 4192, 'github', 'https:///github/harshkumarkhatri/Draw-It-App-Flutter'),
(16551, 4163, 4192, 'linkedin', 'https:///www/linkedin/com'),
(16552, 4163, 4192, 'udemy', 'https:///www/udemy/com'),
(16553, 4163, 4192, 'com', 'https:///github/com'),
(16554, 4163, 4192, 'coursera', 'https:///www/coursera/org'),
(16555, 4163, 4192, 'community', 'https:///gdsc/community/dev'),
(16556, 4163, 4192, 'Phone_no', '+916376840832'),
(16557, 4163, 4192, 'Email', 'mailharshkhatri@gmail.com'),
(16558, 4163, 4192, 'Email', 'mailto:mailharshkhatri@gmail.com'),
(16559, 4164, 4193, 'github', 'https:///github/harshkumarkhatri/Draw-It-App-Flutter'),
(16560, 4164, 4193, 'linkedin', 'https:///www/linkedin/com'),
(16561, 4164, 4193, 'udemy', 'https:///www/udemy/com'),
(16562, 4164, 4193, 'com', 'https:///github/com'),
(16563, 4164, 4193, 'coursera', 'https:///www/coursera/org'),
(16564, 4164, 4193, 'community', 'https:///gdsc/community/dev'),
(16565, 4164, 4193, 'Phone_no', '+916376840832'),
(16566, 4164, 4193, 'Email', 'mailharshkhatri@gmail.com'),
(16567, 4164, 4193, 'Email', 'mailto:mailharshkhatri@gmail.com');

INSERT INTO "public"."Education" ("Id", "ResumeId", "Degree", "Branch", "Institution", "Score", "YearOfPassing") VALUES
(6038, 4106, 'phd', 'none', 'UNIVERSITY', 6.2, 'Dec 2022');
INSERT INTO "public"."Education" ("Id", "ResumeId", "Degree", "Branch", "Institution", "Score", "YearOfPassing") VALUES
(6042, 4108, 'bachelors', 'none', 'UNIVERSITY OF PETROLEUM & ENERGY STUDIES', 0, 'MAY 2012');
INSERT INTO "public"."Education" ("Id", "ResumeId", "Degree", "Branch", "Institution", "Score", "YearOfPassing") VALUES
(6043, 4108, 'masters', 'none', 'MODERN CONVENT SCHOOL', 0, 'JAN 2014');
INSERT INTO "public"."Education" ("Id", "ResumeId", "Degree", "Branch", "Institution", "Score", "YearOfPassing") VALUES
(6044, 4109, 'masters', 'none', 'Abdul Kalam Technical University', 8, 'JUNE 2022'),
(6045, 4109, 'masters', 'none', 'Thomas Inter College', 8.5, 'APRIL 2018'),
(6046, 4111, 'bachelors', 'none', 'Delhi University', 0, 'Till Date'),
(6047, 4112, 'masters', 'none', 'Universal Analytics', 1, 'Present'),
(6048, 4112, 'masters', 'none', 'Indian Institute of Technology', 1, 'Jan 2019'),
(6049, 4113, 'phd', 'none', 'Chaturvedi National University of Journalism', 4.71, ' 2012'),
(6050, 4113, 'diploma', 'none', 'Vikas Inter College', 4.71, ' 2014'),
(6051, 4113, 'bachelors', 'none', 'Jai Prabha Inter College', 4.71, ' 2017'),
(6052, 4114, 'masters', 'none', 'Dapoli University', 3.5, 'Aug 2023'),
(6053, 4115, 'diploma', 'none', 'Uttar Pradesh Technical University', 3, '
2019'),
(6054, 4116, 'masters', 'none', 'United College of Engineering & Research', 8, 'Unknown year of passing'),
(6055, 4116, 'phd', 'none', 'BLJ Inter College', 8, 'Unknown year of passing'),
(6056, 4116, 'phd', 'none', 'Guru Nanak Inter College', 8, 'Unknown year of passing'),
(6057, 4116, 'masters', 'none', 'United College Of Engineering & Research', 8, 'Unknown year of passing'),
(6058, 4117, 'phd', 'none', 'Punjab Engineering College(PEC', 7.5, ' 2017'),
(6059, 4117, 'masters', 'none', 'St Annes Convent School', 7.5, ' 2015'),
(6060, 4118, 'diploma', 'none', 'Rajkiya Engineering College Sonbhadra', 0, 'Unknown year of passing'),
(6061, 4121, 'phd', 'none', 'Jakarta State Polytechnic', 0, ' 2022'),
(6062, 4121, 'masters', 'none', 'the State Polytechnic Student Competition', 0, 'October 2019'),
(6063, 4121, 'bachelors', 'none', 'State Polytechnic of Electronic Engineering Surabaya Year 2019', 0, 'December 2017'),
(6064, 4122, 'phd', 'none', 'KARUNYA INSTITUTE OF TECHNOLOGY', 0.2, 'Till Date'),
(6065, 4122, 'diploma', 'none', 'SCHOOLING Board Of Secondary Education ', 6.9, 'march 2022'),
(6066, 4122, 'bachelors', 'none', 'VIT university on 01 10 2016', 6.9, 'o'),
(6067, 4122, 'masters', 'none', 'ANNAMALAI UNIVERSITY', 0.2, 'o'),
(6068, 4122, 'diploma', 'none', 'MBAIN Human Resources KARUNYA INSTITUTE OF TECHNOLOGY', 6.9, 'o'),
(6069, 4122, 'bachelors', 'none', 'B.E IN Electrical & Electronic Engineering SCHOOLING ', 6.9, 'o'),
(6070, 4123, 'diploma', 'none', 'Dr. B.A.M. University', 8.4, 'Nov 2023'),
(6071, 4123, 'masters', 'none', 'Jamia Hamdard University', 8.4, 'Feb 2023'),
(6072, 4123, 'phd', 'none', 'Dhaval International School', 8.4, 'Jul 2021'),
(6073, 4123, 'phd', 'none', 'Rishikul International School', 8.4, 'Jun 2018'),
(6074, 4124, 'phd', 'none', 'Janki Devi Memorial College', 0, 'Present'),
(6075, 4124, 'phd', 'none', 'Delhi University', 0, 'Dec 2020'),
(6076, 4125, 'bachelors', 'none', 'the Newton School Ed-Camp', 0, 'July 2021'),
(6077, 4125, 'masters', 'none', 'Rajasthan Career Point University', 0, 'May 2022'),
(6078, 4125, 'bachelors', 'none', 'Career Point University', 0, ' 2021'),
(6079, 4126, 'phd', 'none', 'the Newton School Ed-Camp', 0, 'July 2021'),
(6080, 4126, 'masters', 'none', 'Rajasthan Career Point University', 0, 'May 2022'),
(6081, 4126, 'phd', 'none', 'Career Point University', 0, ' 2021'),
(6082, 4127, 'masters', 'none', 'Bachelor of Science  Computer Science, Vels College', 0, 'July 2021'),
(6083, 4127, 'diploma', 'none', 'Madras School of Social WorkTECHNICAL SKILLS ', 0, 'Jan 2021'),
(6084, 4128, 'diploma', 'none', 'Board University College Institute University Percentage ', 1.6, ' 2017'),
(6085, 4128, 'bachelors', 'none', 'Board of High School', 5.25, ' 2020'),
(6086, 4128, 'phd', 'none', 'Memorial Inter College', 7.029999999999999, 'o'),
(6087, 4128, 'diploma', 'none', 'Secondary Board of High School ', 1.6, 'o'),
(6088, 4129, 'phd', 'none', 'B.Tech (CiVil) Roorkee Institute of Technology', 6.5, 'Unknown year of passing'),
(6089, 4131, 'phd', 'none', 'Shobhit institute of Engineering &Technology College', 6.8, 'Unknown year of passing'),
(6090, 4132, 'phd', 'none', 'BIJU PATNAIK UNIVERSITY OF TECHNOLOGY', 0, 'Unknown year of passing'),
(6091, 4133, 'phd', 'none', 'Date University Major', 6.88, 'July 2022'),
(6092, 4133, 'phd', 'none', 'Technical University Lucknow', 6.88, 'Current'),
(6093, 4134, 'phd', 'none', 'Schoolon', 7.2, ' 2020'),
(6094, 4134, 'bachelors', 'none', 'Jaypee University of Engineering and Technology CGPA', 7.2, ' 2018'),
(6095, 4134, 'phd', 'none', 'Ryan International School', 7.2, 'o'),
(6096, 4136, 'masters', 'none', 'University of Mumbai', 0, 'Unknown year of passing'),
(6097, 4137, 'bachelors', 'none', 'MCA - National Institute of Technology', 6.7, 'May 2017'),
(6098, 4138, 'phd', 'none', 'Teerthanker Mahaveer University', 6.6, 'Unknown year of passing'),
(6099, 4138, 'phd', 'none', 'Lovely Professional University', 8.2, 'Unknown year of passing'),
(6100, 4138, 'masters', 'none', 'Delhi Technological University', 8.2, 'Unknown year of passing'),
(6101, 4138, 'bachelors', 'none', 'Teerthankar Mahaveer University', 8.2, 'Unknown year of passing'),
(6102, 4139, 'bachelors', 'none', 'Sheth D.M. High School - Borivali', 0, 'Current'),
(6103, 4139, 'phd', 'none', 'Skkim Manipal University - Ghatkoper', 0, 'o'),
(6104, 4141, 'bachelors', 'none', 'Qualifications  Institute of Technology and Management', 1.5, 'Present'),
(6105, 4141, 'phd', 'none', ' Institute of Technology and Management', 3.5, 'Apr 2022'),
(6106, 4141, 'bachelors', 'none', 'the Institute of Technology and Management', 3.5, 'Feb 2022'),
(6107, 4142, 'phd', 'none', 'Swami Vivekanand Public School', 7.5200000000000005, 'Present'),
(6108, 4143, 'masters', 'none', 'Masai School, Online', 0, 'Unknown year of passing'),
(6109, 4144, 'phd', 'none', 'CSSSchool', 9, 'Unknown year of passing'),
(6110, 4144, 'masters', 'none', 'Computer Science University of Lucknow State Govt', 9, 'Unknown year of passing'),
(6111, 4145, 'diploma', 'none', 'Institute of Engineering', 6.5, ' 2012'),
(6112, 4146, 'diploma', 'none', 'Board University', 2.7, ' 2023'),
(6113, 4146, 'masters', 'none', 'SSC P.J. High School', 6.45, 'June 2021'),
(6114, 4147, 'bachelors', 'none', 'Narsee Monjee Institute', 2.2, 'Unknown year of passing'),
(6115, 4147, 'diploma', 'none', 'D.A.V Public School', 2.2, 'Unknown year of passing'),
(6116, 4148, 'bachelors', 'none', 'MCAPacific University', 10, 'Unknown year of passing'),
(6117, 4148, 'bachelors', 'none', 'Dayananda Sagar College', 3, 'Unknown year of passing'),
(6118, 4148, 'diploma', 'none', 'Bangalore University', 3, 'Unknown year of passing'),
(6119, 4149, 'masters', 'none', 'Examination Degree Institution College Performance Passing ', 6.7, 'Unknown year of passing'),
(6120, 4149, 'bachelors', 'none', 'Haryana World College of Technology & Management Gurgaon', 6.7, 'Unknown year of passing'),
(6121, 4149, 'phd', 'none', 'LAA College ', 6.7, 'Unknown year of passing'),
(6122, 4150, 'diploma', 'none', 'Rajiv Gandhi TechnicalUniversity (University ofTechnology of MadhyaPradesh', 4.5, 'Jun 2011');
INSERT INTO "public"."Education" ("Id", "ResumeId", "Degree", "Branch", "Institution", "Score", "YearOfPassing") VALUES
(6123, 4151, 'masters', 'none', 'Karnataka State University', 0, 'Apr 2015');
INSERT INTO "public"."Education" ("Id", "ResumeId", "Degree", "Branch", "Institution", "Score", "YearOfPassing") VALUES
(6124, 4151, 'masters', 'none', 'Sri Sai Ram PolytechnicCollege', 0, 'Apr 2011');
INSERT INTO "public"."Education" ("Id", "ResumeId", "Degree", "Branch", "Institution", "Score", "YearOfPassing") VALUES
(6125, 4151, 'diploma', 'none', 'Secondary School', 0, 'Mar 2006'),
(6126, 4152, 'diploma', 'none', 'Innovation from University of Exeter', 10, 'Unknown year of passing'),
(6127, 4152, 'phd', 'none', 'Msc International Management University of Exeter', 10, 'Unknown year of passing'),
(6128, 4152, 'masters', 'none', 'Certified Service Now Administrator University of Exeter', 10, 'Unknown year of passing'),
(6129, 4153, 'diploma', 'none', 'Parul University', 2.5, ' 2024'),
(6130, 4153, 'masters', 'none', 'Google (Parul University', 2.5, 'May 2022'),
(6131, 4155, 'bachelors', 'none', 'Narsee Monjee Institute', 9.9, 'May 2017'),
(6132, 4156, 'bachelors', 'none', 'Rajokari Institute of Technology GOV', 8, 'Present'),
(6133, 4156, 'bachelors', 'none', 'IT Training School', 8, 'June 2023'),
(6134, 4157, 'diploma', 'none', 'Apeejay School', 0, 'Unknown year of passing'),
(6135, 4158, 'diploma', 'none', 'Rajokari Institute of Technology GOV', 8, 'Present'),
(6136, 4158, 'masters', 'none', 'IT Training School', 8, 'June 2023'),
(6137, 4159, 'bachelors', 'none', 'Rajokari Institute of Technology GOV', 8, 'Present'),
(6138, 4159, 'phd', 'none', 'IT Training School', 8, 'June 2023'),
(6139, 4160, 'bachelors', 'none', 'Rajokari Institute of Technology GOV', 8, 'Present'),
(6140, 4160, 'bachelors', 'none', 'IT Training School', 8, 'June 2023'),
(6141, 4161, 'bachelors', 'none', 'SRM University', 7.1, 'April 2019'),
(6142, 4161, 'bachelors', 'none', 'IMS Ghaziabad  CCS University', 7.1, 'o'),
(6143, 4162, 'masters', 'none', 'University', 8.5, 'August2023'),
(6144, 4162, 'phd', 'none', 'T P Verma College Narkatiyaganj', 8.5, 'April2019'),
(6145, 4162, 'masters', 'none', 'R N High School', 7.8, 'March2017'),
(6146, 4163, 'masters', 'none', 'Institution University Board', 7.140000000000001, 'Till Date'),
(6147, 4163, 'phd', 'none', 'Institute of professional studies', 6.5, 'Nov 2021'),
(6148, 4163, 'masters', 'none', 'Carmel Convent School', 6.5, 'Mar 2019'),
(6149, 4164, 'bachelors', 'none', 'Poornima College Of Engineering', 0, 'Unknown year of passing'),
(6150, 4164, 'masters', 'none', 'Kendriya Vidhyalaya', 0, 'Unknown year of passing'),
(6151, 4165, 'phd', 'none', 'Maharishi DayanandUniversity', 0, 'Unknown year of passing'),
(6152, 4166, 'masters', 'none', 'University Board', 1.7, 'Dec 2022'),
(6153, 4167, 'diploma', 'none', ' MemborOf Fashion Society OfMyCollege - ', 7.2, 'Unknown year of passing'),
(6154, 4167, 'phd', 'none', 'JINGLE BELL PUBLIC SCHOOL Links Skills Languages Framework', 7.2, 'Unknown year of passing'),
(6155, 4168, 'phd', 'none', 'SECONDARY SCHOOL', 0, ' 2018'),
(6156, 4168, 'masters', 'none', 'Manav Rachna International Institute', 0, 'Present'),
(6157, 4170, 'bachelors', 'none', 'DIT UNIVERSITY', 9, ' 2021'),
(6158, 4170, 'phd', 'none', 'School Football', 8.52, 'o'),
(6159, 4170, 'diploma', 'none', 'the Colleges Premises', 8.52, 'o'),
(6160, 4171, 'diploma', 'none', 'The NorthCap University', 9.5, 'February 2019'),
(6161, 4173, 'bachelors', 'none', 'Bapatla Engineering College', 8.2, 'Unknown year of passing'),
(6162, 4173, 'diploma', 'none', 'Sri Chaitanya College', 8.2, 'Unknown year of passing'),
(6163, 4173, 'bachelors', 'none', 'St. Josephs High School', 8.2, 'Unknown year of passing'),
(6164, 4174, 'bachelors', 'none', 'Eshan College of Engineering', 0, 'Aug 2022'),
(6165, 4174, 'phd', 'none', 'Conducted by Electronics & ICT ACADEMY', 0, 'Present'),
(6166, 4174, 'masters', 'none', 'Electronics & ICT ACADEMY', 0, 'o'),
(6167, 4175, 'diploma', 'none', 'Rajokari Institute of Technology GOV', 8, 'Present'),
(6168, 4175, 'masters', 'none', 'IT Training School', 8, 'June 2023'),
(6169, 4176, 'diploma', 'none', 'Soar Valley Public School - Pithoragarh', 9.34, 'Current'),
(6170, 4177, 'diploma', 'none', 'Inderprastha Engineering College', 0, 'Unknown year of passing'),
(6171, 4177, 'phd', 'none', 'Buddh Technical University', 0, 'Unknown year of passing'),
(6172, 4178, 'phd', 'none', 'Deen Dayal Upadhyay University', 0, 'June 2015'),
(6173, 4178, 'phd', 'none', 'Maharana Pratap Inter College', 0, 'January 2017'),
(6174, 4178, 'masters', 'none', 'Rashtriya Inter College', 0, 'June 2010'),
(6175, 4179, 'masters', 'none', 'College of Engineering Delhi', 7.4, 'Unknown year of passing'),
(6176, 4180, 'phd', 'none', 'Qualification University Year of Passing Post Graduate Diploma in Health Information Technology IIHMR (Bangalore) 2014-2016', 0, 'February 2023'),
(6177, 4180, 'phd', 'none', 'V.E.S College of Arts of Commerce 2011', 0, 'November 2021'),
(6178, 4181, 'masters', 'none', 'BKIT institute VTU University 2017 ', 7, 'Oct 2020'),
(6179, 4183, 'masters', 'none', 'the Newton School Ed-Camp', 0, 'July 2021'),
(6180, 4183, 'diploma', 'none', 'Rajasthan Career Point University', 0, 'May 2022'),
(6181, 4183, 'masters', 'none', 'Career Point University', 0, ' 2021'),
(6182, 4184, 'phd', 'none', 'the Newton School Ed-Camp', 0, 'July 2021'),
(6183, 4184, 'masters', 'none', 'Rajasthan Career Point University', 0, 'May 2022'),
(6184, 4184, 'diploma', 'none', 'Career Point University', 0, ' 2021'),
(6185, 4185, 'masters', 'none', 'the Newton School Ed-Camp', 0, 'July 2021'),
(6186, 4185, 'bachelors', 'none', 'Rajasthan Career Point University', 0, 'May 2022'),
(6187, 4185, 'diploma', 'none', 'Career Point University', 0, ' 2021'),
(6188, 4186, 'masters', 'none', 'the Newton School Ed-Camp', 0, 'July 2021'),
(6189, 4186, 'masters', 'none', 'Rajasthan Career Point University', 0, 'May 2022'),
(6190, 4186, 'phd', 'none', 'Career Point University', 0, ' 2021'),
(6191, 4187, 'phd', 'none', 'Date University Major', 6.88, 'July 2022'),
(6192, 4187, 'phd', 'none', 'Technical University Lucknow', 6.88, 'Current'),
(6193, 4188, 'diploma', 'none', 'the Newton School Ed-Camp', 0, 'July 2021'),
(6194, 4188, 'diploma', 'none', 'Rajasthan Career Point University', 0, 'May 2022'),
(6195, 4188, 'masters', 'none', 'Career Point University', 0, ' 2021'),
(6196, 4189, 'bachelors', 'none', 'the Newton School Ed-Camp', 0, 'July 2021'),
(6197, 4189, 'phd', 'none', 'Rajasthan Career Point University', 0, 'May 2022'),
(6198, 4189, 'bachelors', 'none', 'Career Point University', 0, ' 2021'),
(6199, 4190, 'bachelors', 'none', 'the Newton School Ed-Camp', 0, 'July 2021'),
(6200, 4190, 'bachelors', 'none', 'Rajasthan Career Point University', 0, 'May 2022'),
(6201, 4190, 'bachelors', 'none', 'Career Point University', 0, ' 2021'),
(6202, 4191, 'bachelors', 'none', 'the Newton School Ed-Camp', 0, 'July 2021'),
(6203, 4191, 'phd', 'none', 'Rajasthan Career Point University', 0, 'May 2022'),
(6204, 4191, 'bachelors', 'none', 'Career Point University', 0, ' 2021'),
(6205, 4192, 'diploma', 'none', 'the Newton School Ed-Camp', 0, 'July 2021'),
(6206, 4192, 'masters', 'none', 'Rajasthan Career Point University', 0, 'May 2022'),
(6207, 4192, 'bachelors', 'none', 'Career Point University', 0, ' 2021'),
(6208, 4193, 'phd', 'none', 'the Newton School Ed-Camp', 0, 'July 2021'),
(6209, 4193, 'diploma', 'none', 'Rajasthan Career Point University', 0, 'May 2022'),
(6210, 4193, 'phd', 'none', 'Career Point University', 0, ' 2021');

INSERT INTO "public"."Log" ("Id", "NotificationId", "Status", "Details", "CreatedAt") VALUES
(2049, 130, 4, '[130]-29223e1071e759b9874532e3bf1120088a7ee8d6970d9f36d1cac9a96df87635!@&Resume_Samridhi.pdf', '2024-05-30 06:25:23.824217');
INSERT INTO "public"."Log" ("Id", "NotificationId", "Status", "Details", "CreatedAt") VALUES
(2050, 130, 4, '[130]-ca15b8361cc974c57b5976f8d42891206a65e17bbb5e3410f4e13a4454516f7b!@&Chaitra_resume.pdf', '2024-05-30 06:29:27.262262');
INSERT INTO "public"."Log" ("Id", "NotificationId", "Status", "Details", "CreatedAt") VALUES
(2051, 130, 2, '[130]-078bab7ee9eba6a6cea261538b606dc7829645c7b0fb3185f5af5d49cc0b81c6!@&kanhaiya_Resume.docx', '2024-05-30 06:29:32.646886');
INSERT INTO "public"."Log" ("Id", "NotificationId", "Status", "Details", "CreatedAt") VALUES
(2052, 130, 2, '[130]-d10c4a06794532746f1c9f419e9d338df5f9fe189d84673cab82fb195a198db7!@&Resume_Lakhan_Baheti.pdf', '2024-05-30 06:29:50.591067'),
(2053, 130, 4, '[130]-bb40a5edaf4590475f03f79a06b15eb5d24f687a3fc2485f968603cddf7b60a8!@&Frame 3.pdf', '2024-05-30 06:30:14.191928'),
(2054, 130, 2, '[130]-bfcd2c68324b01a69f9ce76c59fbee16914af95d8c12ae7cbbb8caa00de7aabc!@&DV(CV) .pdf', '2024-05-30 06:30:23.595455'),
(2055, 130, 2, '[130]-72bf679c9651a381599dddcf0f59d387d92b60c500536ff5d476ae7d35094ec9!@&Brij_resume 2023.docx', '2024-05-30 06:30:34.02878'),
(2056, 130, 4, '[130]-be5b50ad49f62640e1654d749705174423b0b6ae0af90607faf93e28b632da24!@&utkrisht__cv_2023.pdf', '2024-05-30 06:30:53.047316'),
(2057, 130, 4, '[130]-db0dc2a458db80371ba2c3b53dd0db319c00d3edba46b2849c2cb08100f33412!@&Abhilash Aima - Resume - Flutter Developer.pdf', '2024-05-30 06:30:57.742469'),
(2058, 130, 4, '[130]-57b988ce500e49693fc545e01222d1aa0fc6faa883afb085491bc0f2a0f7bbd6!@&Copy of My Resume (1).pdf', '2024-05-30 06:31:02.166262'),
(2059, 130, 2, '[130]-ee9e67938fe64bdfc13a67cdde8bfe24d9c9dd8e8e5467f241b56868a235192c!@&Sachin Goel Resume 2023.pdf', '2024-05-30 06:31:06.897572'),
(2060, 130, 2, '[130]-dc3bff9653a0a19f5b054cf810297d27ee152a11affc9fa92d7d4e91c8673c96!@&Shraddha.rr.pdf', '2024-05-30 06:31:24.262253'),
(2061, 130, 4, '[130]-8f9778f3c7378dfe50e25e1e470366f2e9d8774874b19bc108e96a2deee8f7d3!@&Kaushal Singh Bisht @2023.pdf', '2024-05-30 06:31:33.229308'),
(2062, 130, 4, '[130]-0de0b92e106beb14fab686c01d0c14f348c657b52ae6a1cccc56e9a4c6319b6f!@&dheeraj resume.pdf', '2024-05-30 06:31:38.482222'),
(2063, 130, 2, '[130]-04f6b955ba460f6f0e5f2e27914d45d28e02508fac429e77f78c737dc27781d5!@&CVNIHAL.pdf', '2024-05-30 06:31:40.207821'),
(2064, 130, 2, '[130]-ad6ab1874d2b9a6181e152a46230d3f098eeeb2817b835c1e15fbab31840e484!@&RESUME-2023.pdf', '2024-05-30 06:31:53.56557'),
(2065, 130, 4, '[130]-5c457032e162eda41959915afa97c69acafa67d8761992ec370891c193410d7e!@&Resume_Divya Sehgal.pdf', '2024-05-30 06:32:05.68287'),
(2066, 130, 2, '[130]-3ef1038c03f576b3ca89a4fc512ce53a5d64cd27c4b454ac842b9a6ed3aecf1e!@&Resume-Rahul-Kumar.pdf', '2024-05-30 06:32:11.164143'),
(2067, 130, 4, '[130]-a5651051571e6ac6ed6a5379d75abe8832a0bee9b6ef2de5f8544da34f3bac0d!@&Aniket Meghani Resume 2023(3).pdf', '2024-05-30 06:32:25.518172'),
(2068, 130, 2, '[130]-4761c5ae036a07ff9804470829bd196ddf4ee954e19446f39ceeb1f2018cf6cf!@&Satyam ShuklaCV2023.pdf', '2024-05-30 06:32:34.482199'),
(2069, 130, 4, '[130]-33c48a3c56acadfee5b37bc84c85b38fd0b19daec4ba11d04afdfd3bc2eac476!@&Umesh_Kumar_FlutterCV.pdf', '2024-05-30 06:33:11.237189'),
(2070, 130, 2, '[130]-913c76ef42d665818996c5e26ec5064319e36e55692ca0da87942d7fb4ae74d8!@&QA_KiranD.pdf', '2024-05-30 06:33:16.266928'),
(2071, 130, 2, '[130]-daf13d4bf56e1e847b001efc4b87c31330dbd349fc0a2ffab9bd81dc365a6eaf!@&CV_Prabhat_Rishi.pdf', '2024-05-30 06:33:31.408208'),
(2072, 130, 2, '[130]-a4cda5a33d60e83264901933f7c5df6a12bd6c017521d5bf1cfcc8c4e6d39548!@&resume sundaram june.pdf', '2024-05-30 06:33:50.82537'),
(2073, 130, 2, '[130]-833b074f7b47de27abe9bd5202d837ae791eb9026d72879d0e16524f800fc427!@&CV (1).pdf', '2024-05-30 06:34:10.277947'),
(2074, 130, 4, '[130]-e68d3d6b0d51d7c99c158da6716cc31ef7448bafa9a84ab3c9643fe158f6e007!@&Minimalist White and Grey Professional Resume.pdf', '2024-05-30 06:34:20.191109'),
(2075, 130, 4, '[130]-e5bc39c00bbe434b63c350101e7c2320b68f0776edcc007e38a52f7dbb0dd579!@&Resume_rajneesh.pdf', '2024-05-30 06:34:25.393666'),
(2076, 130, 2, '[130]-dc53fe9c6d23212b84158481e9d8656dedac35b4a4efa618826669e8a61df2de!@&Navneet prajapati.pdf', '2024-05-30 06:34:30.157104'),
(2080, 130, 2, '[130]-eb25fd78c92418eba0e0c6f403bec42cc72dddacad28be39531d4b9d1e66c2bd!@&Resume 3.pdf', '2024-05-30 06:35:15.29632'),
(2077, 130, 4, '[130]-07db3ca672036e082546a346b7c01d6c52f5fa687f0808a0bbdabdf5b2cc2734!@&Share sam6yr.docx', '2024-05-30 06:34:53.694041'),
(2078, 130, 4, '[130]-1cad5fec6f19a582be03b6dc36f103696eb215f540a07be81c993acd7f866081!@&My_Update_resume.pdf', '2024-05-30 06:35:04.422584'),
(2079, 130, 4, '[130]-a1114927642fdfa449e5846aa279475bcdd884c31a018cab8dad4ba00262a5c7!@&IT RESUME MOHIT.pdf', '2024-05-30 06:35:09.473904'),
(2081, 130, 2, '[130]-7ced97b88b23f1553dcf1b548cef1cd3c2cf17fb35c25eb7f4f567a410b929f4!@&Onkar Kulkarni.pdf', '2024-05-30 06:35:27.941831'),
(2082, 130, 4, '[130]-109abc13f057c6b6ac8328f8b209be18cb74e0a571e6aa2617eefe9212d03eda!@&Nitesh_Gupta_Resume-1.pdf', '2024-05-30 06:35:38.387123'),
(2083, 130, 2, '[130]-cbb6d2c07c8960e3a3f773398feabe745a4ef7834833da98d909176f4e151de3!@&Curriculum Vitae_Yonatan Ripandra Sinaga.pdf', '2024-05-30 06:35:43.120126'),
(2084, 131, 4, '[131]-29223e1071e759b9874532e3bf1120088a7ee8d6970d9f36d1cac9a96df87635!@&Resume_Samridhi.pdf', '2024-05-30 06:40:16.982818'),
(2085, 132, 3, '[132]-d10c4a06794532746f1c9f419e9d338df5f9fe189d84673cab82fb195a198db7!@&Resume_Lakhan_Baheti.pdf,[130]-d10c4a06794532746f1c9f419e9d338df5f9fe189d84673cab82fb195a198db7!@&Resume_Lakhan_Baheti.pdf', '2024-05-30 06:40:55.197017'),
(2086, 133, 3, '[133]-d10c4a06794532746f1c9f419e9d338df5f9fe189d84673cab82fb195a198db7!@&res1.pdf,[130]-d10c4a06794532746f1c9f419e9d338df5f9fe189d84673cab82fb195a198db7!@&Resume_Lakhan_Baheti.pdf', '2024-05-30 07:28:53.394426'),
(2087, 133, 3, '[133]-d10c4a06794532746f1c9f419e9d338df5f9fe189d84673cab82fb195a198db7!@&res1 - Copy.pdf,[130]-d10c4a06794532746f1c9f419e9d338df5f9fe189d84673cab82fb195a198db7!@&Resume_Lakhan_Baheti.pdf', '2024-05-30 07:29:11.803005'),
(2089, 135, 4, '[135]-636117b950128fc5b8e68116e010585e77483711a831b3adb82ce31db56c702f!@&1. Vikram iOS.pdf', '2024-05-30 09:46:45.033544'),
(2088, 134, 4, '[134]-636117b950128fc5b8e68116e010585e77483711a831b3adb82ce31db56c702f!@&1. Vikram iOS.pdf', '2024-05-30 09:46:13.697649'),
(2090, 136, 2, '[136]-bb69ea717a467a4ac7c6b40edf0e58a925c91840b9bf8e899f1095bd693f9ede!@&1+ year of frontend.pdf', '2024-05-30 09:47:29.799123'),
(2091, 137, 3, '[137]-bb69ea717a467a4ac7c6b40edf0e58a925c91840b9bf8e899f1095bd693f9ede!@&1+ year of frontend.pdf,[136]-bb69ea717a467a4ac7c6b40edf0e58a925c91840b9bf8e899f1095bd693f9ede!@&1+ year of frontend.pdf', '2024-05-30 09:48:04.925238'),
(2092, 138, 2, '[138]-7b3ec584dde88e086de6c137ff88aba65109d4fcf2b9c74aa9950caa67c5b351@AMITfSHARMA.docx.pdf', '2024-05-30 10:59:42.929385'),
(2093, 139, 2, '[139]-0af46e959ecf189e8a423e2f828cb0b850c126886455790bf687f962346a029aCV_Latasha Rani revised.pdf', '2024-05-30 11:08:38.996787'),
(2094, 140, 3, '[140]-7b3ec584dde88e086de6c137ff88aba65109d4fcf2b9c74aa9950caa67c5b351!@&@AMITfSHARMA.docx.pdf,[138]-7b3ec584dde88e086de6c137ff88aba65109d4fcf2b9c74aa9950caa67c5b351@AMITfSHARMA.docx.pdf,2094', '2024-05-30 11:25:59.775122'),
(2095, 141, 4, '[141]-4eb38416af15758c717735f8dd7bbb974ff76cdddcde51caae327453d94bb9eb2016753_ItikaAhuja.pdf', '2024-05-30 11:26:18.371695'),
(2096, 142, 2, '[142]-36f7cce8903fc7aabc9e970db19b5f269eef8c5766618eefeb2bfaf72456b0a9!@&[Updated] Resume-Harsh Kumar Khatri (1) (1).pdf', '2024-05-30 11:26:30.168251'),
(2097, 142, 2, '[142]-36f7cce8903fc7aabc9e970db19b5f269eef8c5766618eefeb2bfaf72456b0a9!@&[Updated] Resume-Harsh Kumar Khatri (1).pdf', '2024-05-30 11:26:44.368886');
INSERT INTO "public"."Log" ("Id", "NotificationId", "Status", "Details", "CreatedAt") VALUES
(2098, 142, 2, '[142]-0545c721f306d5a06c54dc4093a24a415abd41a7af51f5bd6016aed2064b4c70!@&0_Clifford_Moses__Manager Delivery (1).docx', '2024-05-30 11:26:58.25648');
INSERT INTO "public"."Log" ("Id", "NotificationId", "Status", "Details", "CreatedAt") VALUES
(2099, 142, 3, '[142]-0545c721f306d5a06c54dc4093a24a415abd41a7af51f5bd6016aed2064b4c70!@&0_Clifford_Moses__Manager Delivery.docx,[142]-0545c721f306d5a06c54dc4093a24a415abd41a7af51f5bd6016aed2064b4c70!@&0_Clifford_Moses__Manager Delivery (1).docx,2099', '2024-05-30 11:27:17.014877');
INSERT INTO "public"."Log" ("Id", "NotificationId", "Status", "Details", "CreatedAt") VALUES
(2100, 142, 4, '[142]-c19b402307e8271bab248ccd5f9ab3b0f35a51f488602f99867dd3401b211382!@&0_MAHESH SHARMA CV 01-1-2.docx', '2024-05-30 11:27:30.168141'),
(2101, 142, 4, '[142]-636117b950128fc5b8e68116e010585e77483711a831b3adb82ce31db56c702f!@&1. Vikram iOS.pdf', '2024-05-30 11:27:37.529811'),
(2102, 142, 3, '[142]-bb69ea717a467a4ac7c6b40edf0e58a925c91840b9bf8e899f1095bd693f9ede!@&1+ year of frontend.pdf,[136]-bb69ea717a467a4ac7c6b40edf0e58a925c91840b9bf8e899f1095bd693f9ede!@&1+ year of frontend.pdf,2102', '2024-05-30 11:27:50.915088'),
(2103, 142, 4, '[142]-247ff56a8bb3f2e6d8cb3fd6843af4873071a6f3f97e83c33834072b0f47b02b!@&2_Page_Sivanandham_Resume.pdf', '2024-05-30 11:27:59.855408'),
(2104, 142, 2, '[142]-a216fdc08720dd3a9c352ef108d33710649686a1693e75c3888c906a1d732913!@&3 page Resume Mohit Mishra (1).pdf', '2024-05-30 11:28:08.131857'),
(2105, 142, 2, '[142]-1294bddd282669c65bc377bdcbd5d66f80fc9cfc8f299a2d713f31a1122fb950!@&3Yrs.pdf', '2024-05-30 11:28:19.957417'),
(2106, 142, 2, '[142]-2c94f87af0a750c1874c6cf32dd2212dc3be633dd209aa432fefb23fb3af5c57!@&5fe9b026-1822-443b-acf9-12d09d075949.PDF', '2024-05-30 11:28:30.225142'),
(2107, 142, 2, '[142]-61d9546a463858e31709fc910e909768b93ec8f9bd83acba6a0fed8675d0c239!@&6  june 2023.pdf', '2024-05-30 11:28:40.689448'),
(2108, 142, 2, '[142]-9a58e36abd9a2a1f52d8ce121011345d724d7b3253d1ded1475e0b07a0b7f280!@&8 Years Manual Testing Experiance with Senior QA or QA Lead .pdf', '2024-05-30 11:28:59.039387'),
(2109, 142, 4, '[142]-2e993f183494b5baa1232b3c889f68e111740834ccc0001e6026f61561b7f879!@&20bcs134_Mohd_faizan_6.pdf', '2024-05-30 11:29:12.664769'),
(2110, 142, 2, '[142]-ce2ce8cc143c7b46a83ba7ccb589d1a21c6a331ab101284fea06447b10b8932b!@&21 Ankush Qualitest Resume.pdf', '2024-05-30 11:29:18.874568'),
(2111, 142, 4, '[142]-404becd916a6f55e3bcc9403c9d2b8470644055082e82717b90f7eb21b18bf1a!@&90b97c3f-71b3-4b83-8b66-5a115b3be37b.pdf', '2024-05-30 11:29:32.355769'),
(2112, 142, 2, '[142]-2e54428aa45d90cbde72e3c4ea463d285bf6d5cdf25e4ce45293c5bdcb6034aa!@&201B257-SHRAMIT-GUPTA-Resume.docx.pdf', '2024-05-30 11:29:38.07591'),
(2113, 142, 2, '[142]-9bb3290bfa8984149921a70ba840c07be79cd225222f8ff71018aa09a2b0f01f!@&38882_1685198883Sourabh-Sapkade.docx', '2024-05-30 11:29:49.795305'),
(2114, 142, 4, '[142]-a237621cd2307cab2d79a18b18c768e261885b33d6e940b4f6b3fc9ec3573a3a!@&230817C.pdf', '2024-05-30 11:29:59.838006'),
(2115, 142, 4, '[142]-4eb38416af15758c717735f8dd7bbb974ff76cdddcde51caae327453d94bb9eb!@&2016753_ItikaAhuja.pdf', '2024-05-30 11:30:11.911431'),
(2133, 143, 2, '[143]-f32b4caa9d3711911a347ba39764a2430bb101888458a3734100c591ce627b67ChiragNTresume.docx', '2024-05-30 11:35:14.091297'),
(2116, 143, 4, '[143]-78c31491149599fd8931ba757d2b5dac2904cf03d8fb76d14e7c9f9eafc6e1a9Chetan_Ghogre.pdf', '2024-05-30 11:31:53.52058'),
(2117, 143, 2, '[143]-6a1d37f7aecd7b3ccc0204ca32447c352652a3341078e9844217a2f381337ad0Chetan Kalpande Resume.pdf', '2024-05-30 11:31:59.988034'),
(2118, 143, 4, '[143]-fe25e7cb43cf5acc3f7627b0c85bcacb49e058f9d898d4873b7cb53031689cdcChinmay_Tayade.pdf', '2024-05-30 11:32:08.560804'),
(2119, 143, 2, '[143]-83dd40ec7745ee8c9ce6f9039ff4ee069d319a23f33f3eec5141c588851da1ccChetan-Resume.pdf', '2024-05-30 11:32:14.984112'),
(2120, 143, 2, '[143]-d7f8f21b01fe042becabdc01c57243f4dc47f0dced2d719a21c6f08e095572aeChetan_Prajapati_-_Software_Engineer-3 2.pdf', '2024-05-30 11:32:33.040479'),
(2121, 143, 2, '[143]-2122158bb4bafc3bee9bb19053f1c534e7324c2990262691af7b8e2e95760322Chirag Chawda.pdf', '2024-05-30 11:32:48.429441'),
(2122, 143, 2, '[143]-fc9804b65939807f0cc19ab94a2efed7d3a7e0ce30eec9bd7f310f76aaaaacdbChirag_Resume.pdf', '2024-05-30 11:32:57.632782'),
(2123, 143, 2, '[143]-61e3cde6345ad16f7351d94d8bb90da973da80eb0f40b42c1f0516a7a282f224Chirag_PM 3.pdf', '2024-05-30 11:33:11.687136'),
(2124, 143, 2, '[143]-936f833c0beb1bbc0ec4736438193f584d6bbfed9d684f4740704b9dc76a3c40Chirag Goel CV.pdf', '2024-05-30 11:33:27.832819'),
(2125, 143, 4, '[143]-6c7b60cd69313cded95786bf52636d2433f64a32b572319014cefc23abefcb42ChiragD_9873084168_CV.pdf', '2024-05-30 11:33:38.65028'),
(2126, 143, 2, '[143]-ce5fd9c6b28adeb491b1b7c8b09cf5884b3a496076f2c623196503a9a7bf1eccCHIRAGKUMAR4_0PM.pdf', '2024-05-30 11:33:45.262118'),
(2127, 143, 2, '[143]-f0b08a58ef609262ee8bdab6f7fee8e3d298ca650bbe37869d524952dab5e5fcCopy of Copy of EXPERIENCE.pdf', '2024-05-30 11:33:58.499795'),
(2128, 143, 4, '[143]-c6ae8e37539816bbf970c2bfeb7dfd5b37946f09756575a6016bf522e3d32c23chiragParmar_Resume.pdf', '2024-05-30 11:34:08.465458'),
(2129, 143, 2, '[143]-03b6d94d3cc7a499c61744a7345328cfca83a8b39c74641f906743d210cd3970Deepak_Gupta.pdf', '2024-05-30 11:34:15.181059'),
(2130, 143, 2, '[143]-0e8a665faa09cc97e33edbd756cd27fb0181fa6a4098aed4f4e4c934e2407b02Curriculum Vitae-Sayali-1.pdf', '2024-05-30 11:34:27.42479'),
(2131, 143, 2, '[143]-ed5d55bda2745eedc97e523ff457039d7ca0160ce167782707f5556257448ab6CV - Deepankar_Sharma (1).pdf', '2024-05-30 11:34:40.024584'),
(2132, 143, 3, '[143]-97852377f5ebf26479bcadd1e510a2e57e415e09ff41cc534d1b1b23a3360a7cCV - Deepankar_Sharma.pdf,[143]-ed5d55bda2745eedc97e523ff457039d7ca0160ce167782707f5556257448ab6CV - Deepankar_Sharma (1).pdf,2132', '2024-05-30 11:34:58.497142'),
(2134, 143, 2, '[143]-f447dd174490f5af731785f2c232570d0a1719ddc320f16120c776e0a000ba72currentResume.pdf', '2024-05-30 11:35:29.68525'),
(2135, 143, 2, '[143]-d1e139f8da8c49009ed30c7c27e294e68f44f1df6b62f2036857e20f1b984d40CV - Vicky Jagwani.pdf', '2024-05-30 11:35:48.81967'),
(2136, 143, 2, '[143]-b708063ca7bfbc2056dd37669bd4ee213e2cb67391988f9973c3ae131249e67dCV - Raj Roy_Product.pdf', '2024-05-30 11:36:01.837112'),
(2137, 143, 2, '[143]-3ec96a155a58abbb068c8b2ed424007377287395b1cbed5aea906f429fa7e73cCV  Praveena.pdf', '2024-05-30 11:36:15.743975'),
(2138, 143, 2, '[143]-1bd532dc860a7a6c75644a92407e6c302a37a640384f2fc417c70a62110db281CV - Priyanshu Singh.pdf', '2024-05-30 11:45:52.74338'),
(2139, 143, 4, '[143]-dca52c1a4a8143f41a26de1959bf2a1bded2dd43a19eb278d463602ccae6fdbaCustom-Department-Recruitment-2023-Notification.pdf', '2024-05-30 11:46:02.978178'),
(2140, 143, 3, '[143]-cbb6d2c07c8960e3a3f773398feabe745a4ef7834833da98d909176f4e151de3Curriculum Vitae_Yonatan Ripandra Sinaga.pdf,[130]-cbb6d2c07c8960e3a3f773398feabe745a4ef7834833da98d909176f4e151de3!@&Curriculum Vitae_Yonatan Ripandra Sinaga.pdf,2140', '2024-05-30 11:46:30.135361'),
(2141, 143, 3, '[143]-833b074f7b47de27abe9bd5202d837ae791eb9026d72879d0e16524f800fc427CV (1).pdf,[130]-833b074f7b47de27abe9bd5202d837ae791eb9026d72879d0e16524f800fc427!@&CV (1).pdf,2141', '2024-05-30 11:46:53.650418'),
(2142, 143, 4, '[143]-57b988ce500e49693fc545e01222d1aa0fc6faa883afb085491bc0f2a0f7bbd6Copy of My Resume (1).pdf', '2024-05-30 11:47:01.008827'),
(2143, 144, 3, '[144]-6a1d37f7aecd7b3ccc0204ca32447c352652a3341078e9844217a2f381337ad0!@&Chetan Kalpande Resume.pdf,[143]-6a1d37f7aecd7b3ccc0204ca32447c352652a3341078e9844217a2f381337ad0Chetan Kalpande Resume.pdf,2143', '2024-05-30 11:47:05.785386'),
(2144, 144, 3, '[144]-fc9804b65939807f0cc19ab94a2efed7d3a7e0ce30eec9bd7f310f76aaaaacdb!@&Chirag_Resume.pdf,[143]-fc9804b65939807f0cc19ab94a2efed7d3a7e0ce30eec9bd7f310f76aaaaacdbChirag_Resume.pdf,2144', '2024-05-30 11:47:12.365551');
INSERT INTO "public"."Log" ("Id", "NotificationId", "Status", "Details", "CreatedAt") VALUES
(2145, 146, 3, '[146]-fc9804b65939807f0cc19ab94a2efed7d3a7e0ce30eec9bd7f310f76aaaaacdb!@&Chirag_Resume.pdf,[143]-fc9804b65939807f0cc19ab94a2efed7d3a7e0ce30eec9bd7f310f76aaaaacdbChirag_Resume.pdf,2145', '2024-05-30 11:47:21.817149'),
(2147, 147, 3, '[147]-83dd40ec7745ee8c9ce6f9039ff4ee069d319a23f33f3eec5141c588851da1cc!@&Chetan-Resume.pdf,[143]-83dd40ec7745ee8c9ce6f9039ff4ee069d319a23f33f3eec5141c588851da1ccChetan-Resume.pdf,2147', '2024-05-30 11:47:37.864522'),
(2146, 144, 4, '[144]-78c31491149599fd8931ba757d2b5dac2904cf03d8fb76d14e7c9f9eafc6e1a9!@&Chetan_Ghogre.pdf', '2024-05-30 11:47:31.183235'),
(2148, 144, 3, '[144]-83dd40ec7745ee8c9ce6f9039ff4ee069d319a23f33f3eec5141c588851da1cc!@&Chetan-Resume.pdf,[143]-83dd40ec7745ee8c9ce6f9039ff4ee069d319a23f33f3eec5141c588851da1ccChetan-Resume.pdf,2148', '2024-05-30 11:47:50.092888'),
(2149, 145, 3, '[145]-fc9804b65939807f0cc19ab94a2efed7d3a7e0ce30eec9bd7f310f76aaaaacdb!@&Chirag_Resume.pdf,[143]-fc9804b65939807f0cc19ab94a2efed7d3a7e0ce30eec9bd7f310f76aaaaacdbChirag_Resume.pdf,2149', '2024-05-30 11:48:02.424274'),
(2150, 144, 3, '[144]-2122158bb4bafc3bee9bb19053f1c534e7324c2990262691af7b8e2e95760322!@&Chirag Chawda.pdf,[143]-2122158bb4bafc3bee9bb19053f1c534e7324c2990262691af7b8e2e95760322Chirag Chawda.pdf,2150', '2024-05-30 11:48:11.756515'),
(2151, 147, 3, '[147]-6a1d37f7aecd7b3ccc0204ca32447c352652a3341078e9844217a2f381337ad0!@&Chetan Kalpande Resume.pdf,[143]-6a1d37f7aecd7b3ccc0204ca32447c352652a3341078e9844217a2f381337ad0Chetan Kalpande Resume.pdf,2151', '2024-05-30 11:48:18.042809'),
(2152, 147, 4, '[147]-78c31491149599fd8931ba757d2b5dac2904cf03d8fb76d14e7c9f9eafc6e1a9!@&Chetan_Ghogre.pdf', '2024-05-30 11:48:24.788533'),
(2153, 145, 4, '[145]-78c31491149599fd8931ba757d2b5dac2904cf03d8fb76d14e7c9f9eafc6e1a9!@&Chetan_Ghogre.pdf', '2024-05-30 11:48:31.525045'),
(2154, 145, 3, '[145]-6a1d37f7aecd7b3ccc0204ca32447c352652a3341078e9844217a2f381337ad0!@&Chetan Kalpande Resume.pdf,[143]-6a1d37f7aecd7b3ccc0204ca32447c352652a3341078e9844217a2f381337ad0Chetan Kalpande Resume.pdf,2154', '2024-05-30 11:48:38.215609'),
(2155, 144, 4, '[144]-fe25e7cb43cf5acc3f7627b0c85bcacb49e058f9d898d4873b7cb53031689cdc!@&Chinmay_Tayade.pdf', '2024-05-30 11:48:45.163883'),
(2156, 144, 3, '[144]-f0b08a58ef609262ee8bdab6f7fee8e3d298ca650bbe37869d524952dab5e5fc!@&Copy of Copy of EXPERIENCE.pdf,[143]-f0b08a58ef609262ee8bdab6f7fee8e3d298ca650bbe37869d524952dab5e5fcCopy of Copy of EXPERIENCE.pdf,2156', '2024-05-30 11:48:51.736804'),
(2157, 145, 3, '[145]-d7f8f21b01fe042becabdc01c57243f4dc47f0dced2d719a21c6f08e095572ae!@&Chetan_Prajapati_-_Software_Engineer-3 2.pdf,[143]-d7f8f21b01fe042becabdc01c57243f4dc47f0dced2d719a21c6f08e095572aeChetan_Prajapati_-_Software_Engineer-3 2.pdf,2157', '2024-05-30 11:48:58.705767'),
(2158, 144, 3, '[144]-d7f8f21b01fe042becabdc01c57243f4dc47f0dced2d719a21c6f08e095572ae!@&Chetan_Prajapati_-_Software_Engineer-3 2.pdf,[143]-d7f8f21b01fe042becabdc01c57243f4dc47f0dced2d719a21c6f08e095572aeChetan_Prajapati_-_Software_Engineer-3 2.pdf,2158', '2024-05-30 11:49:09.708768'),
(2159, 144, 4, '[144]-4b55a87765491727b3f38fc412d9299ed2c1f6209ad51e83e15d02b2c15cf9a3!@&Deepanshi Kamboj.pdf', '2024-05-30 11:49:20.570988'),
(2160, 145, 4, '[145]-fe25e7cb43cf5acc3f7627b0c85bcacb49e058f9d898d4873b7cb53031689cdc!@&Chinmay_Tayade.pdf', '2024-05-30 11:49:26.162377'),
(2161, 145, 3, '[145]-2122158bb4bafc3bee9bb19053f1c534e7324c2990262691af7b8e2e95760322!@&Chirag Chawda.pdf,[143]-2122158bb4bafc3bee9bb19053f1c534e7324c2990262691af7b8e2e95760322Chirag Chawda.pdf,2161', '2024-05-30 11:49:32.917001'),
(2162, 147, 3, '[147]-2122158bb4bafc3bee9bb19053f1c534e7324c2990262691af7b8e2e95760322!@&Chirag Chawda.pdf,[143]-2122158bb4bafc3bee9bb19053f1c534e7324c2990262691af7b8e2e95760322Chirag Chawda.pdf,2162', '2024-05-30 11:49:38.971192'),
(2163, 147, 3, '[147]-fc9804b65939807f0cc19ab94a2efed7d3a7e0ce30eec9bd7f310f76aaaaacdb!@&Chirag_Resume.pdf,[143]-fc9804b65939807f0cc19ab94a2efed7d3a7e0ce30eec9bd7f310f76aaaaacdbChirag_Resume.pdf,2163', '2024-05-30 11:49:45.277377'),
(2164, 144, 2, '[144]-47ea89511fc0df2c9efbd559196f6b11982d85d69f192413320f4051dac5c939!@&DeepakGuptanew.pdf', '2024-05-30 11:49:55.020501'),
(2165, 145, 3, '[145]-47ea89511fc0df2c9efbd559196f6b11982d85d69f192413320f4051dac5c939!@&DeepakGuptanew.pdf,[144]-47ea89511fc0df2c9efbd559196f6b11982d85d69f192413320f4051dac5c939!@&DeepakGuptanew.pdf,2165', '2024-05-30 11:50:05.827866'),
(2166, 145, 3, '[145]-83dd40ec7745ee8c9ce6f9039ff4ee069d319a23f33f3eec5141c588851da1cc!@&Chetan-Resume.pdf,[143]-83dd40ec7745ee8c9ce6f9039ff4ee069d319a23f33f3eec5141c588851da1ccChetan-Resume.pdf,2166', '2024-05-30 11:50:13.33748'),
(2179, 147, 3, '[147]-d7f8f21b01fe042becabdc01c57243f4dc47f0dced2d719a21c6f08e095572ae!@&Chetan_Prajapati_-_Software_Engineer-3 2.pdf,[143]-d7f8f21b01fe042becabdc01c57243f4dc47f0dced2d719a21c6f08e095572aeChetan_Prajapati_-_Software_Engineer-3 2.pdf,2179', '2024-05-30 11:52:20.841031'),
(2167, 144, 4, '[144]-c6ae8e37539816bbf970c2bfeb7dfd5b37946f09756575a6016bf522e3d32c23!@&chiragParmar_Resume.pdf', '2024-05-30 11:50:25.702129'),
(2168, 147, 4, '[147]-fe25e7cb43cf5acc3f7627b0c85bcacb49e058f9d898d4873b7cb53031689cdc!@&Chinmay_Tayade.pdf', '2024-05-30 11:50:32.76267'),
(2169, 144, 2, '[144]-dac5810929ab8b463d2bb02014ebde714dac2a6e53bbf8f7c2066c78fcc9c3ad!@&DeepakChutani_Resume (1) (1) (1).docx', '2024-05-30 11:50:39.353323'),
(2170, 146, 3, '[146]-f0b08a58ef609262ee8bdab6f7fee8e3d298ca650bbe37869d524952dab5e5fc!@&Copy of Copy of EXPERIENCE.pdf,[143]-f0b08a58ef609262ee8bdab6f7fee8e3d298ca650bbe37869d524952dab5e5fcCopy of Copy of EXPERIENCE.pdf,2170', '2024-05-30 11:50:53.732556'),
(2171, 144, 3, '[144]-dac5810929ab8b463d2bb02014ebde714dac2a6e53bbf8f7c2066c78fcc9c3ad!@&DeepakChutani_Resume (1) (1).docx,[144]-dac5810929ab8b463d2bb02014ebde714dac2a6e53bbf8f7c2066c78fcc9c3ad!@&DeepakChutani_Resume (1) (1) (1).docx,2171', '2024-05-30 11:51:00.581802'),
(2172, 145, 3, '[145]-dac5810929ab8b463d2bb02014ebde714dac2a6e53bbf8f7c2066c78fcc9c3ad!@&DeepakChutani_Resume (1) (1) (1).docx,[144]-dac5810929ab8b463d2bb02014ebde714dac2a6e53bbf8f7c2066c78fcc9c3ad!@&DeepakChutani_Resume (1) (1) (1).docx,2172', '2024-05-30 11:51:11.807745'),
(2173, 145, 3, '[145]-dac5810929ab8b463d2bb02014ebde714dac2a6e53bbf8f7c2066c78fcc9c3ad!@&DeepakChutani_Resume (1) (1).docx,[144]-dac5810929ab8b463d2bb02014ebde714dac2a6e53bbf8f7c2066c78fcc9c3ad!@&DeepakChutani_Resume (1) (1) (1).docx,2173', '2024-05-30 11:51:22.934796'),
(2174, 144, 3, '[144]-ed5d55bda2745eedc97e523ff457039d7ca0160ce167782707f5556257448ab6!@&CV - Deepankar_Sharma (1).pdf,[143]-ed5d55bda2745eedc97e523ff457039d7ca0160ce167782707f5556257448ab6CV - Deepankar_Sharma (1).pdf,2174', '2024-05-30 11:51:34.158956'),
(2175, 145, 3, '[145]-03b6d94d3cc7a499c61744a7345328cfca83a8b39c74641f906743d210cd3970!@&Deepak_Gupta.pdf,[143]-03b6d94d3cc7a499c61744a7345328cfca83a8b39c74641f906743d210cd3970Deepak_Gupta.pdf,2175', '2024-05-30 11:51:49.464122'),
(2176, 146, 3, '[146]-6a1d37f7aecd7b3ccc0204ca32447c352652a3341078e9844217a2f381337ad0!@&Chetan Kalpande Resume.pdf,[143]-6a1d37f7aecd7b3ccc0204ca32447c352652a3341078e9844217a2f381337ad0Chetan Kalpande Resume.pdf,2176', '2024-05-30 11:51:58.79582'),
(2177, 144, 3, '[144]-03b6d94d3cc7a499c61744a7345328cfca83a8b39c74641f906743d210cd3970!@&Deepak_Gupta.pdf,[143]-03b6d94d3cc7a499c61744a7345328cfca83a8b39c74641f906743d210cd3970Deepak_Gupta.pdf,2177', '2024-05-30 11:52:05.327497'),
(2178, 144, 4, '[144]-c0593708fbb65ee30fae59bcc7ca02e1ea30dd8a0f0658e0ebf5367147b6c737!@&Deepanshu_resume(2).pdf', '2024-05-30 11:52:14.664214'),
(2180, 144, 2, '[144]-16bdc4d811ec9095ea04466e51861fae28e36fc2af10be0ebc796631c9d82a86!@&Deepanshu_CV3.0-1.pdf', '2024-05-30 11:52:31.665399'),
(2181, 146, 3, '[146]-dac5810929ab8b463d2bb02014ebde714dac2a6e53bbf8f7c2066c78fcc9c3ad!@&DeepakChutani_Resume (1) (1) (1).docx,[144]-dac5810929ab8b463d2bb02014ebde714dac2a6e53bbf8f7c2066c78fcc9c3ad!@&DeepakChutani_Resume (1) (1) (1).docx,2181', '2024-05-30 11:52:47.131507');
INSERT INTO "public"."Log" ("Id", "NotificationId", "Status", "Details", "CreatedAt") VALUES
(2182, 146, 3, '[146]-dac5810929ab8b463d2bb02014ebde714dac2a6e53bbf8f7c2066c78fcc9c3ad!@&DeepakChutani_Resume (1) (1).docx,[144]-dac5810929ab8b463d2bb02014ebde714dac2a6e53bbf8f7c2066c78fcc9c3ad!@&DeepakChutani_Resume (1) (1) (1).docx,2182', '2024-05-30 11:52:58.460048');
INSERT INTO "public"."Log" ("Id", "NotificationId", "Status", "Details", "CreatedAt") VALUES
(2183, 144, 3, '[144]-61e3cde6345ad16f7351d94d8bb90da973da80eb0f40b42c1f0516a7a282f224!@&Chirag_PM 3.pdf,[143]-61e3cde6345ad16f7351d94d8bb90da973da80eb0f40b42c1f0516a7a282f224Chirag_PM 3.pdf,2183', '2024-05-30 11:53:09.660156');
INSERT INTO "public"."Log" ("Id", "NotificationId", "Status", "Details", "CreatedAt") VALUES
(2184, 146, 3, '[146]-f32b4caa9d3711911a347ba39764a2430bb101888458a3734100c591ce627b67!@&ChiragNTresume.docx,[143]-f32b4caa9d3711911a347ba39764a2430bb101888458a3734100c591ce627b67ChiragNTresume.docx,2184', '2024-05-30 11:53:21.220071'),
(2185, 146, 3, '[146]-03b6d94d3cc7a499c61744a7345328cfca83a8b39c74641f906743d210cd3970!@&Deepak_Gupta.pdf,[143]-03b6d94d3cc7a499c61744a7345328cfca83a8b39c74641f906743d210cd3970Deepak_Gupta.pdf,2185', '2024-05-30 11:53:32.760236'),
(2187, 147, 3, '[147]-47ea89511fc0df2c9efbd559196f6b11982d85d69f192413320f4051dac5c939!@&DeepakGuptanew.pdf,[144]-47ea89511fc0df2c9efbd559196f6b11982d85d69f192413320f4051dac5c939!@&DeepakGuptanew.pdf,2187', '2024-05-30 11:53:48.908431'),
(2186, 146, 4, '[146]-c6ae8e37539816bbf970c2bfeb7dfd5b37946f09756575a6016bf522e3d32c23!@&chiragParmar_Resume.pdf', '2024-05-30 11:53:42.024463'),
(2188, 147, 3, '[147]-dac5810929ab8b463d2bb02014ebde714dac2a6e53bbf8f7c2066c78fcc9c3ad!@&DeepakChutani_Resume (1) (1).docx,[144]-dac5810929ab8b463d2bb02014ebde714dac2a6e53bbf8f7c2066c78fcc9c3ad!@&DeepakChutani_Resume (1) (1) (1).docx,2188', '2024-05-30 11:53:55.978657'),
(2189, 146, 4, '[146]-78c31491149599fd8931ba757d2b5dac2904cf03d8fb76d14e7c9f9eafc6e1a9!@&Chetan_Ghogre.pdf', '2024-05-30 11:54:07.220442'),
(2190, 146, 3, '[146]-2122158bb4bafc3bee9bb19053f1c534e7324c2990262691af7b8e2e95760322!@&Chirag Chawda.pdf,[143]-2122158bb4bafc3bee9bb19053f1c534e7324c2990262691af7b8e2e95760322Chirag Chawda.pdf,2190', '2024-05-30 11:54:13.399831'),
(2191, 144, 3, '[144]-0e8a665faa09cc97e33edbd756cd27fb0181fa6a4098aed4f4e4c934e2407b02!@&Curriculum Vitae-Sayali-1.pdf,[143]-0e8a665faa09cc97e33edbd756cd27fb0181fa6a4098aed4f4e4c934e2407b02Curriculum Vitae-Sayali-1.pdf,2191', '2024-05-30 11:54:19.291074'),
(2192, 147, 3, '[147]-03b6d94d3cc7a499c61744a7345328cfca83a8b39c74641f906743d210cd3970!@&Deepak_Gupta.pdf,[143]-03b6d94d3cc7a499c61744a7345328cfca83a8b39c74641f906743d210cd3970Deepak_Gupta.pdf,2192', '2024-05-30 11:54:28.930687'),
(2193, 146, 3, '[146]-47ea89511fc0df2c9efbd559196f6b11982d85d69f192413320f4051dac5c939!@&DeepakGuptanew.pdf,[144]-47ea89511fc0df2c9efbd559196f6b11982d85d69f192413320f4051dac5c939!@&DeepakGuptanew.pdf,2193', '2024-05-30 11:54:38.070453'),
(2194, 144, 4, '[144]-8be650e1950f5944ba2ce6e36b4720ad5fad07bad0ebde7be03fb44fabbfa6e2!@&Deepak_Resume.pdf', '2024-05-30 11:54:45.349944'),
(2213, 144, 2, '[144]-4a5cf10881812c1af8fd0606acac38500050cf673df650dc37a7ff986c97e2a3!@&DeepakBCV.pdf', '2024-05-30 11:58:03.194627'),
(2195, 144, 4, '[144]-2a5804ae8816be2e12a4440399df54e2706417995bae019f0689177c36d8fc7d!@&Deepak-UI.pdf', '2024-05-30 11:54:54.529126'),
(2196, 146, 4, '[146]-fe25e7cb43cf5acc3f7627b0c85bcacb49e058f9d898d4873b7cb53031689cdc!@&Chinmay_Tayade.pdf', '2024-05-30 11:55:08.125833'),
(2197, 145, 4, '[145]-8be650e1950f5944ba2ce6e36b4720ad5fad07bad0ebde7be03fb44fabbfa6e2!@&Deepak_Resume.pdf', '2024-05-30 11:55:14.560683'),
(2198, 145, 3, '[145]-f0b08a58ef609262ee8bdab6f7fee8e3d298ca650bbe37869d524952dab5e5fc!@&Copy of Copy of EXPERIENCE.pdf,[143]-f0b08a58ef609262ee8bdab6f7fee8e3d298ca650bbe37869d524952dab5e5fcCopy of Copy of EXPERIENCE.pdf,2198', '2024-05-30 11:55:23.479183'),
(2199, 147, 3, '[147]-f0b08a58ef609262ee8bdab6f7fee8e3d298ca650bbe37869d524952dab5e5fc!@&Copy of Copy of EXPERIENCE.pdf,[143]-f0b08a58ef609262ee8bdab6f7fee8e3d298ca650bbe37869d524952dab5e5fcCopy of Copy of EXPERIENCE.pdf,2199', '2024-05-30 11:55:30.190201'),
(2200, 145, 4, '[145]-2a5804ae8816be2e12a4440399df54e2706417995bae019f0689177c36d8fc7d!@&Deepak-UI.pdf', '2024-05-30 11:55:36.737468'),
(2201, 146, 3, '[146]-83dd40ec7745ee8c9ce6f9039ff4ee069d319a23f33f3eec5141c588851da1cc!@&Chetan-Resume.pdf,[143]-83dd40ec7745ee8c9ce6f9039ff4ee069d319a23f33f3eec5141c588851da1ccChetan-Resume.pdf,2201', '2024-05-30 11:55:50.51308'),
(2202, 145, 3, '[145]-61e3cde6345ad16f7351d94d8bb90da973da80eb0f40b42c1f0516a7a282f224!@&Chirag_PM 3.pdf,[143]-61e3cde6345ad16f7351d94d8bb90da973da80eb0f40b42c1f0516a7a282f224Chirag_PM 3.pdf,2202', '2024-05-30 11:56:02.69099'),
(2203, 145, 3, '[145]-97852377f5ebf26479bcadd1e510a2e57e415e09ff41cc534d1b1b23a3360a7c!@&CV - Deepankar_Sharma.pdf,[143]-ed5d55bda2745eedc97e523ff457039d7ca0160ce167782707f5556257448ab6CV - Deepankar_Sharma (1).pdf,2203', '2024-05-30 11:56:14.302365'),
(2204, 144, 3, '[144]-ce5fd9c6b28adeb491b1b7c8b09cf5884b3a496076f2c623196503a9a7bf1ecc!@&CHIRAGKUMAR4_0PM.pdf,[143]-ce5fd9c6b28adeb491b1b7c8b09cf5884b3a496076f2c623196503a9a7bf1eccCHIRAGKUMAR4_0PM.pdf,2204', '2024-05-30 11:56:30.007059'),
(2205, 146, 4, '[146]-8be650e1950f5944ba2ce6e36b4720ad5fad07bad0ebde7be03fb44fabbfa6e2!@&Deepak_Resume.pdf', '2024-05-30 11:56:39.062122'),
(2206, 146, 3, '[146]-ce5fd9c6b28adeb491b1b7c8b09cf5884b3a496076f2c623196503a9a7bf1ecc!@&CHIRAGKUMAR4_0PM.pdf,[143]-ce5fd9c6b28adeb491b1b7c8b09cf5884b3a496076f2c623196503a9a7bf1eccCHIRAGKUMAR4_0PM.pdf,2206', '2024-05-30 11:56:48.168079'),
(2207, 145, 3, '[145]-ed5d55bda2745eedc97e523ff457039d7ca0160ce167782707f5556257448ab6!@&CV - Deepankar_Sharma (1).pdf,[143]-ed5d55bda2745eedc97e523ff457039d7ca0160ce167782707f5556257448ab6CV - Deepankar_Sharma (1).pdf,2207', '2024-05-30 11:56:57.356201'),
(2208, 144, 3, '[144]-97852377f5ebf26479bcadd1e510a2e57e415e09ff41cc534d1b1b23a3360a7c!@&CV - Deepankar_Sharma.pdf,[143]-ed5d55bda2745eedc97e523ff457039d7ca0160ce167782707f5556257448ab6CV - Deepankar_Sharma (1).pdf,2208', '2024-05-30 11:57:12.798681'),
(2209, 144, 3, '[144]-f32b4caa9d3711911a347ba39764a2430bb101888458a3734100c591ce627b67!@&ChiragNTresume.docx,[143]-f32b4caa9d3711911a347ba39764a2430bb101888458a3734100c591ce627b67ChiragNTresume.docx,2209', '2024-05-30 11:57:28.334001'),
(2210, 145, 4, '[145]-4b55a87765491727b3f38fc412d9299ed2c1f6209ad51e83e15d02b2c15cf9a3!@&Deepanshi Kamboj.pdf', '2024-05-30 11:57:40.009008'),
(2211, 147, 3, '[147]-dac5810929ab8b463d2bb02014ebde714dac2a6e53bbf8f7c2066c78fcc9c3ad!@&DeepakChutani_Resume (1) (1) (1).docx,[144]-dac5810929ab8b463d2bb02014ebde714dac2a6e53bbf8f7c2066c78fcc9c3ad!@&DeepakChutani_Resume (1) (1) (1).docx,2211', '2024-05-30 11:57:45.204564'),
(2221, 144, 3, '[144]-d1e139f8da8c49009ed30c7c27e294e68f44f1df6b62f2036857e20f1b984d40!@&CV - Vicky Jagwani.pdf,[143]-d1e139f8da8c49009ed30c7c27e294e68f44f1df6b62f2036857e20f1b984d40CV - Vicky Jagwani.pdf,2221', '2024-05-30 11:59:28.37354'),
(2212, 145, 4, '[145]-c6ae8e37539816bbf970c2bfeb7dfd5b37946f09756575a6016bf522e3d32c23!@&chiragParmar_Resume.pdf', '2024-05-30 11:57:56.50295'),
(2214, 147, 4, '[147]-c6ae8e37539816bbf970c2bfeb7dfd5b37946f09756575a6016bf522e3d32c23!@&chiragParmar_Resume.pdf', '2024-05-30 11:58:14.901691'),
(2215, 145, 3, '[145]-4a5cf10881812c1af8fd0606acac38500050cf673df650dc37a7ff986c97e2a3!@&DeepakBCV.pdf,[144]-4a5cf10881812c1af8fd0606acac38500050cf673df650dc37a7ff986c97e2a3!@&DeepakBCV.pdf,2215', '2024-05-30 11:58:21.499735'),
(2216, 146, 4, '[146]-4b55a87765491727b3f38fc412d9299ed2c1f6209ad51e83e15d02b2c15cf9a3!@&Deepanshi Kamboj.pdf', '2024-05-30 11:58:30.786057'),
(2217, 146, 3, '[146]-d7f8f21b01fe042becabdc01c57243f4dc47f0dced2d719a21c6f08e095572ae!@&Chetan_Prajapati_-_Software_Engineer-3 2.pdf,[143]-d7f8f21b01fe042becabdc01c57243f4dc47f0dced2d719a21c6f08e095572aeChetan_Prajapati_-_Software_Engineer-3 2.pdf,2217', '2024-05-30 11:58:35.995234'),
(2218, 146, 3, '[146]-4a5cf10881812c1af8fd0606acac38500050cf673df650dc37a7ff986c97e2a3!@&DeepakBCV.pdf,[144]-4a5cf10881812c1af8fd0606acac38500050cf673df650dc37a7ff986c97e2a3!@&DeepakBCV.pdf,2218', '2024-05-30 11:58:47.063402'),
(2219, 144, 3, '[144]-f447dd174490f5af731785f2c232570d0a1719ddc320f16120c776e0a000ba72!@&currentResume.pdf,[143]-f447dd174490f5af731785f2c232570d0a1719ddc320f16120c776e0a000ba72currentResume.pdf,2219', '2024-05-30 11:59:03.214753'),
(2220, 147, 3, '[147]-61e3cde6345ad16f7351d94d8bb90da973da80eb0f40b42c1f0516a7a282f224!@&Chirag_PM 3.pdf,[143]-61e3cde6345ad16f7351d94d8bb90da973da80eb0f40b42c1f0516a7a282f224Chirag_PM 3.pdf,2220', '2024-05-30 11:59:16.817982'),
(2222, 146, 3, '[146]-0e8a665faa09cc97e33edbd756cd27fb0181fa6a4098aed4f4e4c934e2407b02!@&Curriculum Vitae-Sayali-1.pdf,[143]-0e8a665faa09cc97e33edbd756cd27fb0181fa6a4098aed4f4e4c934e2407b02Curriculum Vitae-Sayali-1.pdf,2222', '2024-05-30 11:59:38.079366'),
(2223, 147, 3, '[147]-4a5cf10881812c1af8fd0606acac38500050cf673df650dc37a7ff986c97e2a3!@&DeepakBCV.pdf,[144]-4a5cf10881812c1af8fd0606acac38500050cf673df650dc37a7ff986c97e2a3!@&DeepakBCV.pdf,2223', '2024-05-30 11:59:47.765099'),
(2224, 147, 4, '[147]-4b55a87765491727b3f38fc412d9299ed2c1f6209ad51e83e15d02b2c15cf9a3!@&Deepanshi Kamboj.pdf', '2024-05-30 11:59:57.04844'),
(2225, 146, 3, '[146]-61e3cde6345ad16f7351d94d8bb90da973da80eb0f40b42c1f0516a7a282f224!@&Chirag_PM 3.pdf,[143]-61e3cde6345ad16f7351d94d8bb90da973da80eb0f40b42c1f0516a7a282f224Chirag_PM 3.pdf,2225', '2024-05-30 12:00:02.314341'),
(2227, 146, 4, '[146]-2a5804ae8816be2e12a4440399df54e2706417995bae019f0689177c36d8fc7d!@&Deepak-UI.pdf', '2024-05-30 12:00:23.290791'),
(2226, 145, 3, '[145]-0e8a665faa09cc97e33edbd756cd27fb0181fa6a4098aed4f4e4c934e2407b02!@&Curriculum Vitae-Sayali-1.pdf,[143]-0e8a665faa09cc97e33edbd756cd27fb0181fa6a4098aed4f4e4c934e2407b02Curriculum Vitae-Sayali-1.pdf,2226', '2024-05-30 12:00:13.840228'),
(2228, 145, 2, '[145]-16bdc4d811ec9095ea04466e51861fae28e36fc2af10be0ebc796631c9d82a86!@&Deepanshu_CV3.0-1.pdf', '2024-05-30 12:00:37.070041'),
(2253, 144, 3, '[144]-b708063ca7bfbc2056dd37669bd4ee213e2cb67391988f9973c3ae131249e67d!@&CV - Raj Roy_Product.pdf,[143]-b708063ca7bfbc2056dd37669bd4ee213e2cb67391988f9973c3ae131249e67dCV - Raj Roy_Product.pdf,2253', '2024-05-30 12:05:40.000156'),
(2229, 147, 4, '[147]-2a5804ae8816be2e12a4440399df54e2706417995bae019f0689177c36d8fc7d!@&Deepak-UI.pdf', '2024-05-30 12:00:52.464752'),
(2230, 147, 4, '[147]-c0593708fbb65ee30fae59bcc7ca02e1ea30dd8a0f0658e0ebf5367147b6c737!@&Deepanshu_resume(2).pdf', '2024-05-30 12:01:06.410887'),
(2231, 147, 2, '[147]-16bdc4d811ec9095ea04466e51861fae28e36fc2af10be0ebc796631c9d82a86!@&Deepanshu_CV3.0-1.pdf', '2024-05-30 12:01:12.572817'),
(2232, 147, 4, '[147]-8be650e1950f5944ba2ce6e36b4720ad5fad07bad0ebde7be03fb44fabbfa6e2!@&Deepak_Resume.pdf', '2024-05-30 12:01:28.124921'),
(2233, 147, 3, '[147]-0e8a665faa09cc97e33edbd756cd27fb0181fa6a4098aed4f4e4c934e2407b02!@&Curriculum Vitae-Sayali-1.pdf,[143]-0e8a665faa09cc97e33edbd756cd27fb0181fa6a4098aed4f4e4c934e2407b02Curriculum Vitae-Sayali-1.pdf,2233', '2024-05-30 12:01:37.272442'),
(2234, 145, 3, '[145]-ce5fd9c6b28adeb491b1b7c8b09cf5884b3a496076f2c623196503a9a7bf1ecc!@&CHIRAGKUMAR4_0PM.pdf,[143]-ce5fd9c6b28adeb491b1b7c8b09cf5884b3a496076f2c623196503a9a7bf1eccCHIRAGKUMAR4_0PM.pdf,2234', '2024-05-30 12:01:46.735033'),
(2235, 146, 4, '[146]-c0593708fbb65ee30fae59bcc7ca02e1ea30dd8a0f0658e0ebf5367147b6c737!@&Deepanshu_resume(2).pdf', '2024-05-30 12:01:55.980173'),
(2236, 145, 4, '[145]-c0593708fbb65ee30fae59bcc7ca02e1ea30dd8a0f0658e0ebf5367147b6c737!@&Deepanshu_resume(2).pdf', '2024-05-30 12:02:02.17531'),
(2237, 146, 3, '[146]-97852377f5ebf26479bcadd1e510a2e57e415e09ff41cc534d1b1b23a3360a7c!@&CV - Deepankar_Sharma.pdf,[143]-ed5d55bda2745eedc97e523ff457039d7ca0160ce167782707f5556257448ab6CV - Deepankar_Sharma (1).pdf,2237', '2024-05-30 12:02:08.546282'),
(2238, 147, 3, '[147]-ce5fd9c6b28adeb491b1b7c8b09cf5884b3a496076f2c623196503a9a7bf1ecc!@&CHIRAGKUMAR4_0PM.pdf,[143]-ce5fd9c6b28adeb491b1b7c8b09cf5884b3a496076f2c623196503a9a7bf1eccCHIRAGKUMAR4_0PM.pdf,2238', '2024-05-30 12:02:24.05368'),
(2239, 146, 3, '[146]-ed5d55bda2745eedc97e523ff457039d7ca0160ce167782707f5556257448ab6!@&CV - Deepankar_Sharma (1).pdf,[143]-ed5d55bda2745eedc97e523ff457039d7ca0160ce167782707f5556257448ab6CV - Deepankar_Sharma (1).pdf,2239', '2024-05-30 12:02:33.326637'),
(2240, 147, 3, '[147]-ed5d55bda2745eedc97e523ff457039d7ca0160ce167782707f5556257448ab6!@&CV - Deepankar_Sharma (1).pdf,[143]-ed5d55bda2745eedc97e523ff457039d7ca0160ce167782707f5556257448ab6CV - Deepankar_Sharma (1).pdf,2240', '2024-05-30 12:02:48.678217'),
(2241, 146, 2, '[146]-16bdc4d811ec9095ea04466e51861fae28e36fc2af10be0ebc796631c9d82a86!@&Deepanshu_CV3.0-1.pdf', '2024-05-30 12:03:03.941724'),
(2242, 145, 3, '[145]-d1e139f8da8c49009ed30c7c27e294e68f44f1df6b62f2036857e20f1b984d40!@&CV - Vicky Jagwani.pdf,[143]-d1e139f8da8c49009ed30c7c27e294e68f44f1df6b62f2036857e20f1b984d40CV - Vicky Jagwani.pdf,2242', '2024-05-30 12:03:19.558612'),
(2243, 145, 3, '[145]-f32b4caa9d3711911a347ba39764a2430bb101888458a3734100c591ce627b67!@&ChiragNTresume.docx,[143]-f32b4caa9d3711911a347ba39764a2430bb101888458a3734100c591ce627b67ChiragNTresume.docx,2243', '2024-05-30 12:03:29.319497'),
(2244, 147, 3, '[147]-f32b4caa9d3711911a347ba39764a2430bb101888458a3734100c591ce627b67!@&ChiragNTresume.docx,[143]-f32b4caa9d3711911a347ba39764a2430bb101888458a3734100c591ce627b67ChiragNTresume.docx,2244', '2024-05-30 12:03:40.838697'),
(2245, 147, 3, '[147]-97852377f5ebf26479bcadd1e510a2e57e415e09ff41cc534d1b1b23a3360a7c!@&CV - Deepankar_Sharma.pdf,[143]-ed5d55bda2745eedc97e523ff457039d7ca0160ce167782707f5556257448ab6CV - Deepankar_Sharma (1).pdf,2245', '2024-05-30 12:03:52.200484'),
(2246, 146, 3, '[146]-d1e139f8da8c49009ed30c7c27e294e68f44f1df6b62f2036857e20f1b984d40!@&CV - Vicky Jagwani.pdf,[143]-d1e139f8da8c49009ed30c7c27e294e68f44f1df6b62f2036857e20f1b984d40CV - Vicky Jagwani.pdf,2246', '2024-05-30 12:04:07.833234'),
(2247, 146, 3, '[146]-f447dd174490f5af731785f2c232570d0a1719ddc320f16120c776e0a000ba72!@&currentResume.pdf,[143]-f447dd174490f5af731785f2c232570d0a1719ddc320f16120c776e0a000ba72currentResume.pdf,2247', '2024-05-30 12:04:17.737422'),
(2248, 145, 3, '[145]-f447dd174490f5af731785f2c232570d0a1719ddc320f16120c776e0a000ba72!@&currentResume.pdf,[143]-f447dd174490f5af731785f2c232570d0a1719ddc320f16120c776e0a000ba72currentResume.pdf,2248', '2024-05-30 12:04:29.602139'),
(2249, 147, 3, '[147]-f447dd174490f5af731785f2c232570d0a1719ddc320f16120c776e0a000ba72!@&currentResume.pdf,[143]-f447dd174490f5af731785f2c232570d0a1719ddc320f16120c776e0a000ba72currentResume.pdf,2249', '2024-05-30 12:04:41.693295'),
(2250, 147, 3, '[147]-d1e139f8da8c49009ed30c7c27e294e68f44f1df6b62f2036857e20f1b984d40!@&CV - Vicky Jagwani.pdf,[143]-d1e139f8da8c49009ed30c7c27e294e68f44f1df6b62f2036857e20f1b984d40CV - Vicky Jagwani.pdf,2250', '2024-05-30 12:04:53.762614'),
(2251, 144, 2, '[144]-913dd2b3725c4a00e07b5983b0f7259af8a87df28e277fde53b486cc83857fb7!@&Deepank_Updated_Resume.pdf', '2024-05-30 12:05:03.555503'),
(2252, 145, 3, '[145]-913dd2b3725c4a00e07b5983b0f7259af8a87df28e277fde53b486cc83857fb7!@&Deepank_Updated_Resume.pdf,[144]-913dd2b3725c4a00e07b5983b0f7259af8a87df28e277fde53b486cc83857fb7!@&Deepank_Updated_Resume.pdf,2252', '2024-05-30 12:05:23.759543'),
(2254, 147, 3, '[147]-913dd2b3725c4a00e07b5983b0f7259af8a87df28e277fde53b486cc83857fb7!@&Deepank_Updated_Resume.pdf,[144]-913dd2b3725c4a00e07b5983b0f7259af8a87df28e277fde53b486cc83857fb7!@&Deepank_Updated_Resume.pdf,2254', '2024-05-30 12:05:50.773782');
INSERT INTO "public"."Log" ("Id", "NotificationId", "Status", "Details", "CreatedAt") VALUES
(2255, 145, 3, '[145]-b708063ca7bfbc2056dd37669bd4ee213e2cb67391988f9973c3ae131249e67d!@&CV - Raj Roy_Product.pdf,[143]-b708063ca7bfbc2056dd37669bd4ee213e2cb67391988f9973c3ae131249e67dCV - Raj Roy_Product.pdf,2255', '2024-05-30 12:06:07.22152');
INSERT INTO "public"."Log" ("Id", "NotificationId", "Status", "Details", "CreatedAt") VALUES
(2256, 144, 3, '[144]-1bd532dc860a7a6c75644a92407e6c302a37a640384f2fc417c70a62110db281!@&CV - Priyanshu Singh.pdf,[143]-1bd532dc860a7a6c75644a92407e6c302a37a640384f2fc417c70a62110db281CV - Priyanshu Singh.pdf,2256', '2024-05-30 12:06:17.863629');
INSERT INTO "public"."Log" ("Id", "NotificationId", "Status", "Details", "CreatedAt") VALUES
(2257, 146, 3, '[146]-913dd2b3725c4a00e07b5983b0f7259af8a87df28e277fde53b486cc83857fb7!@&Deepank_Updated_Resume.pdf,[144]-913dd2b3725c4a00e07b5983b0f7259af8a87df28e277fde53b486cc83857fb7!@&Deepank_Updated_Resume.pdf,2257', '2024-05-30 12:06:24.677621'),
(2258, 145, 3, '[145]-1bd532dc860a7a6c75644a92407e6c302a37a640384f2fc417c70a62110db281!@&CV - Priyanshu Singh.pdf,[143]-1bd532dc860a7a6c75644a92407e6c302a37a640384f2fc417c70a62110db281CV - Priyanshu Singh.pdf,2258', '2024-05-30 12:06:40.975059'),
(2259, 144, 2, '[144]-3db766b15fb912f75eba0f4a4942d2443fc7b412854f2bd64021836e3cf5cfd1!@&Deepak_Kumar Chaubey_Resume.pdf', '2024-05-30 12:06:47.771441'),
(2260, 145, 3, '[145]-3db766b15fb912f75eba0f4a4942d2443fc7b412854f2bd64021836e3cf5cfd1!@&Deepak_Kumar Chaubey_Resume.pdf,[144]-3db766b15fb912f75eba0f4a4942d2443fc7b412854f2bd64021836e3cf5cfd1!@&Deepak_Kumar Chaubey_Resume.pdf,2260', '2024-05-30 12:06:58.348117'),
(2261, 146, 3, '[146]-b708063ca7bfbc2056dd37669bd4ee213e2cb67391988f9973c3ae131249e67d!@&CV - Raj Roy_Product.pdf,[143]-b708063ca7bfbc2056dd37669bd4ee213e2cb67391988f9973c3ae131249e67dCV - Raj Roy_Product.pdf,2261', '2024-05-30 12:07:05.850151'),
(2262, 147, 3, '[147]-b708063ca7bfbc2056dd37669bd4ee213e2cb67391988f9973c3ae131249e67d!@&CV - Raj Roy_Product.pdf,[143]-b708063ca7bfbc2056dd37669bd4ee213e2cb67391988f9973c3ae131249e67dCV - Raj Roy_Product.pdf,2262', '2024-05-30 12:07:16.426742'),
(2263, 144, 3, '[144]-3ec96a155a58abbb068c8b2ed424007377287395b1cbed5aea906f429fa7e73c!@&CV  Praveena.pdf,[143]-3ec96a155a58abbb068c8b2ed424007377287395b1cbed5aea906f429fa7e73cCV  Praveena.pdf,2263', '2024-05-30 12:07:27.186164'),
(2264, 146, 3, '[146]-3db766b15fb912f75eba0f4a4942d2443fc7b412854f2bd64021836e3cf5cfd1!@&Deepak_Kumar Chaubey_Resume.pdf,[144]-3db766b15fb912f75eba0f4a4942d2443fc7b412854f2bd64021836e3cf5cfd1!@&Deepak_Kumar Chaubey_Resume.pdf,2264', '2024-05-30 12:16:58.382621'),
(2265, 146, 3, '[146]-1bd532dc860a7a6c75644a92407e6c302a37a640384f2fc417c70a62110db281!@&CV - Priyanshu Singh.pdf,[143]-1bd532dc860a7a6c75644a92407e6c302a37a640384f2fc417c70a62110db281CV - Priyanshu Singh.pdf,2265', '2024-05-30 12:17:06.398553'),
(2266, 145, 3, '[145]-3ec96a155a58abbb068c8b2ed424007377287395b1cbed5aea906f429fa7e73c!@&CV  Praveena.pdf,[143]-3ec96a155a58abbb068c8b2ed424007377287395b1cbed5aea906f429fa7e73cCV  Praveena.pdf,2266', '2024-05-30 12:17:13.151774'),
(2267, 147, 3, '[147]-3db766b15fb912f75eba0f4a4942d2443fc7b412854f2bd64021836e3cf5cfd1!@&Deepak_Kumar Chaubey_Resume.pdf,[144]-3db766b15fb912f75eba0f4a4942d2443fc7b412854f2bd64021836e3cf5cfd1!@&Deepak_Kumar Chaubey_Resume.pdf,2267', '2024-05-30 12:26:43.225379'),
(2268, 147, 3, '[147]-1bd532dc860a7a6c75644a92407e6c302a37a640384f2fc417c70a62110db281!@&CV - Priyanshu Singh.pdf,[143]-1bd532dc860a7a6c75644a92407e6c302a37a640384f2fc417c70a62110db281CV - Priyanshu Singh.pdf,2268', '2024-05-30 12:26:50.630903'),
(2269, 146, 4, '[146]-6c7b60cd69313cded95786bf52636d2433f64a32b572319014cefc23abefcb42!@&ChiragD_9873084168_CV.pdf', '2024-05-30 12:26:57.267567'),
(2270, 146, 3, '[146]-936f833c0beb1bbc0ec4736438193f584d6bbfed9d684f4740704b9dc76a3c40!@&Chirag Goel CV.pdf,[143]-936f833c0beb1bbc0ec4736438193f584d6bbfed9d684f4740704b9dc76a3c40Chirag Goel CV.pdf,2270', '2024-05-30 12:27:03.856332'),
(2271, 144, 4, '[144]-6c7b60cd69313cded95786bf52636d2433f64a32b572319014cefc23abefcb42!@&ChiragD_9873084168_CV.pdf', '2024-05-30 12:27:12.784162'),
(2272, 144, 3, '[144]-936f833c0beb1bbc0ec4736438193f584d6bbfed9d684f4740704b9dc76a3c40!@&Chirag Goel CV.pdf,[143]-936f833c0beb1bbc0ec4736438193f584d6bbfed9d684f4740704b9dc76a3c40Chirag Goel CV.pdf,2272', '2024-05-30 12:27:19.34474'),
(2273, 146, 3, '[146]-3ec96a155a58abbb068c8b2ed424007377287395b1cbed5aea906f429fa7e73c!@&CV  Praveena.pdf,[143]-3ec96a155a58abbb068c8b2ed424007377287395b1cbed5aea906f429fa7e73cCV  Praveena.pdf,2273', '2024-05-30 12:27:28.407278'),
(2274, 145, 3, '[145]-936f833c0beb1bbc0ec4736438193f584d6bbfed9d684f4740704b9dc76a3c40!@&Chirag Goel CV.pdf,[143]-936f833c0beb1bbc0ec4736438193f584d6bbfed9d684f4740704b9dc76a3c40Chirag Goel CV.pdf,2274', '2024-05-30 12:36:59.027031'),
(2275, 145, 4, '[145]-6c7b60cd69313cded95786bf52636d2433f64a32b572319014cefc23abefcb42!@&ChiragD_9873084168_CV.pdf', '2024-05-30 12:37:07.929088'),
(2276, 147, 3, '[147]-936f833c0beb1bbc0ec4736438193f584d6bbfed9d684f4740704b9dc76a3c40!@&Chirag Goel CV.pdf,[143]-936f833c0beb1bbc0ec4736438193f584d6bbfed9d684f4740704b9dc76a3c40Chirag Goel CV.pdf,2276', '2024-05-30 12:37:14.553577'),
(2277, 147, 3, '[147]-3ec96a155a58abbb068c8b2ed424007377287395b1cbed5aea906f429fa7e73c!@&CV  Praveena.pdf,[143]-3ec96a155a58abbb068c8b2ed424007377287395b1cbed5aea906f429fa7e73cCV  Praveena.pdf,2277', '2024-05-30 12:37:23.454965'),
(2278, 147, 4, '[147]-6c7b60cd69313cded95786bf52636d2433f64a32b572319014cefc23abefcb42!@&ChiragD_9873084168_CV.pdf', '2024-05-30 12:46:54.58703'),
(2279, 144, 4, '[144]-dca52c1a4a8143f41a26de1959bf2a1bded2dd43a19eb278d463602ccae6fdba!@&Custom-Department-Recruitment-2023-Notification.pdf', '2024-05-30 12:47:01.296949'),
(2280, 145, 4, '[145]-dca52c1a4a8143f41a26de1959bf2a1bded2dd43a19eb278d463602ccae6fdba!@&Custom-Department-Recruitment-2023-Notification.pdf', '2024-05-30 12:47:28.309312'),
(2281, 146, 4, '[146]-dca52c1a4a8143f41a26de1959bf2a1bded2dd43a19eb278d463602ccae6fdba!@&Custom-Department-Recruitment-2023-Notification.pdf', '2024-05-30 12:47:55.267658'),
(2282, 147, 4, '[147]-dca52c1a4a8143f41a26de1959bf2a1bded2dd43a19eb278d463602ccae6fdba!@&Custom-Department-Recruitment-2023-Notification.pdf', '2024-05-30 12:48:22.340474'),
(2283, 144, 3, '[144]-cbb6d2c07c8960e3a3f773398feabe745a4ef7834833da98d909176f4e151de3!@&Curriculum Vitae_Yonatan Ripandra Sinaga.pdf,[130]-cbb6d2c07c8960e3a3f773398feabe745a4ef7834833da98d909176f4e151de3!@&Curriculum Vitae_Yonatan Ripandra Sinaga.pdf,2283', '2024-05-30 12:48:49.191743'),
(2284, 145, 3, '[145]-cbb6d2c07c8960e3a3f773398feabe745a4ef7834833da98d909176f4e151de3!@&Curriculum Vitae_Yonatan Ripandra Sinaga.pdf,[130]-cbb6d2c07c8960e3a3f773398feabe745a4ef7834833da98d909176f4e151de3!@&Curriculum Vitae_Yonatan Ripandra Sinaga.pdf,2284', '2024-05-30 12:49:12.587118'),
(2285, 146, 3, '[146]-cbb6d2c07c8960e3a3f773398feabe745a4ef7834833da98d909176f4e151de3!@&Curriculum Vitae_Yonatan Ripandra Sinaga.pdf,[130]-cbb6d2c07c8960e3a3f773398feabe745a4ef7834833da98d909176f4e151de3!@&Curriculum Vitae_Yonatan Ripandra Sinaga.pdf,2285', '2024-05-30 12:49:36.027453'),
(2286, 147, 3, '[147]-cbb6d2c07c8960e3a3f773398feabe745a4ef7834833da98d909176f4e151de3!@&Curriculum Vitae_Yonatan Ripandra Sinaga.pdf,[130]-cbb6d2c07c8960e3a3f773398feabe745a4ef7834833da98d909176f4e151de3!@&Curriculum Vitae_Yonatan Ripandra Sinaga.pdf,2286', '2024-05-30 12:49:59.312872'),
(2287, 144, 3, '[144]-833b074f7b47de27abe9bd5202d837ae791eb9026d72879d0e16524f800fc427!@&CV (1).pdf,[130]-833b074f7b47de27abe9bd5202d837ae791eb9026d72879d0e16524f800fc427!@&CV (1).pdf,2287', '2024-05-30 12:50:22.631645'),
(2288, 145, 3, '[145]-833b074f7b47de27abe9bd5202d837ae791eb9026d72879d0e16524f800fc427!@&CV (1).pdf,[130]-833b074f7b47de27abe9bd5202d837ae791eb9026d72879d0e16524f800fc427!@&CV (1).pdf,2288', '2024-05-30 12:50:29.823877'),
(2289, 146, 3, '[146]-833b074f7b47de27abe9bd5202d837ae791eb9026d72879d0e16524f800fc427!@&CV (1).pdf,[130]-833b074f7b47de27abe9bd5202d837ae791eb9026d72879d0e16524f800fc427!@&CV (1).pdf,2289', '2024-05-30 12:50:37.208291'),
(2290, 147, 3, '[147]-833b074f7b47de27abe9bd5202d837ae791eb9026d72879d0e16524f800fc427!@&CV (1).pdf,[130]-833b074f7b47de27abe9bd5202d837ae791eb9026d72879d0e16524f800fc427!@&CV (1).pdf,2290', '2024-05-30 12:50:44.469427'),
(2291, 144, 4, '[144]-57b988ce500e49693fc545e01222d1aa0fc6faa883afb085491bc0f2a0f7bbd6!@&Copy of My Resume (1).pdf', '2024-05-30 12:50:51.885034'),
(2292, 146, 4, '[146]-57b988ce500e49693fc545e01222d1aa0fc6faa883afb085491bc0f2a0f7bbd6!@&Copy of My Resume (1).pdf', '2024-05-30 12:50:56.557855'),
(2293, 145, 4, '[145]-57b988ce500e49693fc545e01222d1aa0fc6faa883afb085491bc0f2a0f7bbd6!@&Copy of My Resume (1).pdf', '2024-05-30 12:51:01.32574'),
(2294, 147, 4, '[147]-57b988ce500e49693fc545e01222d1aa0fc6faa883afb085491bc0f2a0f7bbd6!@&Copy of My Resume (1).pdf', '2024-05-30 12:51:05.926124'),
(2296, 148, 3, '[148]-6a1d37f7aecd7b3ccc0204ca32447c352652a3341078e9844217a2f381337ad0!@&Chetan Kalpande Resume.pdf,[143]-6a1d37f7aecd7b3ccc0204ca32447c352652a3341078e9844217a2f381337ad0Chetan Kalpande Resume.pdf,2296', '2024-05-30 12:51:16.85219'),
(2295, 148, 4, '[148]-78c31491149599fd8931ba757d2b5dac2904cf03d8fb76d14e7c9f9eafc6e1a9!@&Chetan_Ghogre.pdf', '2024-05-30 12:51:10.67746'),
(2297, 148, 3, '[148]-83dd40ec7745ee8c9ce6f9039ff4ee069d319a23f33f3eec5141c588851da1cc!@&Chetan-Resume.pdf,[143]-83dd40ec7745ee8c9ce6f9039ff4ee069d319a23f33f3eec5141c588851da1ccChetan-Resume.pdf,2297', '2024-05-30 12:51:23.573294'),
(2298, 148, 3, '[148]-2122158bb4bafc3bee9bb19053f1c534e7324c2990262691af7b8e2e95760322!@&Chirag Chawda.pdf,[143]-2122158bb4bafc3bee9bb19053f1c534e7324c2990262691af7b8e2e95760322Chirag Chawda.pdf,2298', '2024-05-30 12:51:35.741044'),
(2300, 148, 4, '[148]-fe25e7cb43cf5acc3f7627b0c85bcacb49e058f9d898d4873b7cb53031689cdc!@&Chinmay_Tayade.pdf', '2024-05-30 12:51:52.512397'),
(2299, 148, 3, '[148]-d7f8f21b01fe042becabdc01c57243f4dc47f0dced2d719a21c6f08e095572ae!@&Chetan_Prajapati_-_Software_Engineer-3 2.pdf,[143]-d7f8f21b01fe042becabdc01c57243f4dc47f0dced2d719a21c6f08e095572aeChetan_Prajapati_-_Software_Engineer-3 2.pdf,2299', '2024-05-30 12:51:41.858641'),
(2301, 148, 3, '[148]-61e3cde6345ad16f7351d94d8bb90da973da80eb0f40b42c1f0516a7a282f224!@&Chirag_PM 3.pdf,[143]-61e3cde6345ad16f7351d94d8bb90da973da80eb0f40b42c1f0516a7a282f224Chirag_PM 3.pdf,2301', '2024-05-30 12:51:58.901021'),
(2302, 148, 3, '[148]-fc9804b65939807f0cc19ab94a2efed7d3a7e0ce30eec9bd7f310f76aaaaacdb!@&Chirag_Resume.pdf,[143]-fc9804b65939807f0cc19ab94a2efed7d3a7e0ce30eec9bd7f310f76aaaaacdbChirag_Resume.pdf,2302', '2024-05-30 12:52:10.387616'),
(2303, 148, 3, '[148]-936f833c0beb1bbc0ec4736438193f584d6bbfed9d684f4740704b9dc76a3c40!@&Chirag Goel CV.pdf,[143]-936f833c0beb1bbc0ec4736438193f584d6bbfed9d684f4740704b9dc76a3c40Chirag Goel CV.pdf,2303', '2024-05-30 12:52:19.950398'),
(2304, 148, 4, '[148]-6c7b60cd69313cded95786bf52636d2433f64a32b572319014cefc23abefcb42!@&ChiragD_9873084168_CV.pdf', '2024-05-30 12:52:28.88815'),
(2305, 148, 3, '[148]-f0b08a58ef609262ee8bdab6f7fee8e3d298ca650bbe37869d524952dab5e5fc!@&Copy of Copy of EXPERIENCE.pdf,[143]-f0b08a58ef609262ee8bdab6f7fee8e3d298ca650bbe37869d524952dab5e5fcCopy of Copy of EXPERIENCE.pdf,2305', '2024-05-30 12:52:35.465369'),
(2331, 148, 2, '[148]-059c12a31ce36ebee439368e4698dd5ff94451beb36624134e0c1ab61bb7dcc7!@&Devesh Resume.pdf', '2024-05-30 12:56:42.039545'),
(2306, 148, 4, '[148]-c6ae8e37539816bbf970c2bfeb7dfd5b37946f09756575a6016bf522e3d32c23!@&chiragParmar_Resume.pdf', '2024-05-30 12:52:42.02286'),
(2307, 148, 3, '[148]-ce5fd9c6b28adeb491b1b7c8b09cf5884b3a496076f2c623196503a9a7bf1ecc!@&CHIRAGKUMAR4_0PM.pdf,[143]-ce5fd9c6b28adeb491b1b7c8b09cf5884b3a496076f2c623196503a9a7bf1eccCHIRAGKUMAR4_0PM.pdf,2307', '2024-05-30 12:52:48.957001'),
(2308, 148, 3, '[148]-f32b4caa9d3711911a347ba39764a2430bb101888458a3734100c591ce627b67!@&ChiragNTresume.docx,[143]-f32b4caa9d3711911a347ba39764a2430bb101888458a3734100c591ce627b67ChiragNTresume.docx,2308', '2024-05-30 12:52:58.011107'),
(2309, 148, 2, '[148]-d3fe04768e314e9fd70bafc295b7211d0ca1b74f6fb305a1b42eac982e00fb24!@&deepika resume updated.docx', '2024-05-30 12:53:09.615885'),
(2310, 148, 4, '[148]-1aa282429b415247bb9d7b4b3cc2242cd5f9af22fb5f074ba8834c372623cabb!@&DeeptiMundra (1).docx', '2024-05-30 12:53:24.719644'),
(2311, 148, 3, '[148]-47ea89511fc0df2c9efbd559196f6b11982d85d69f192413320f4051dac5c939!@&DeepakGuptanew.pdf,[144]-47ea89511fc0df2c9efbd559196f6b11982d85d69f192413320f4051dac5c939!@&DeepakGuptanew.pdf,2311', '2024-05-30 12:53:25.311069'),
(2312, 148, 2, '[148]-bef34f4f08e7832f426393fb7a69e1d847d152fe5da4fe1139960e90d68ce9ab!@&Deependra Rajawat Resume-1.pdf', '2024-05-30 12:53:32.574241'),
(2313, 148, 2, '[148]-eaff1115e38815e99cc05f842ac755f8964e8a5199884af50395d35503b576ba!@&Deepender Updated CV.pdf', '2024-05-30 12:53:42.341258'),
(2314, 148, 2, '[148]-f5c844d8ba7430bf2cda3def41c8490bda318ec20889ac7fa795a5779ae5d392!@&Devesh Resume Corek.docx', '2024-05-30 12:53:51.143705'),
(2315, 148, 4, '[148]-c7f60084da624b3015735cdcbd1b2494d002d6a167abbc3d8d4341102e864fec!@&Devesh updated resume.docx', '2024-05-30 12:54:02.806203'),
(2316, 148, 3, '[148]-dac5810929ab8b463d2bb02014ebde714dac2a6e53bbf8f7c2066c78fcc9c3ad!@&DeepakChutani_Resume (1) (1).docx,[144]-dac5810929ab8b463d2bb02014ebde714dac2a6e53bbf8f7c2066c78fcc9c3ad!@&DeepakChutani_Resume (1) (1) (1).docx,2316', '2024-05-30 12:54:07.656178'),
(2317, 148, 3, '[148]-dac5810929ab8b463d2bb02014ebde714dac2a6e53bbf8f7c2066c78fcc9c3ad!@&DeepakChutani_Resume (1) (1) (1).docx,[144]-dac5810929ab8b463d2bb02014ebde714dac2a6e53bbf8f7c2066c78fcc9c3ad!@&DeepakChutani_Resume (1) (1) (1).docx,2317', '2024-05-30 12:54:18.720118'),
(2318, 148, 2, '[148]-62255de56303b636059ac8eedff9023f1231adcbc5c75045a69230b4d559c833!@&DeepeshResume.pdf', '2024-05-30 12:54:30.259036'),
(2319, 148, 4, '[148]-80f342a90e28f3d2e0667b16c3df50a84e9901d9cfa0f6e4d443542b47e8c2cc!@&Deepika_Test_Lead.pdf', '2024-05-30 12:54:41.648273'),
(2320, 148, 3, '[148]-03b6d94d3cc7a499c61744a7345328cfca83a8b39c74641f906743d210cd3970!@&Deepak_Gupta.pdf,[143]-03b6d94d3cc7a499c61744a7345328cfca83a8b39c74641f906743d210cd3970Deepak_Gupta.pdf,2320', '2024-05-30 12:54:47.45793'),
(2321, 148, 2, '[148]-ee4925a265fef392460057472dc285b49ffbc1313e6a0c4dc2d29a6495162aff!@&Deveshresume (2).pdf', '2024-05-30 12:54:56.634156'),
(2322, 148, 2, '[148]-f2cc0d6906fe331f91d1566903a5c2d2bc704ed40529cbbd4203c9d818b0b6b3!@&deepanshuu reesume.pdf', '2024-05-30 12:55:06.145514'),
(2323, 148, 2, '[148]-9362069b9e20bdbea4765702299d29acd84c6199ac23bac87081fa495cd48c7d!@&Deepraj_ Baidya_Resume.pdf', '2024-05-30 12:55:16.850176'),
(2324, 148, 2, '[148]-fa29504520793dbb2da9cafa1a70856719eeb3e85cacd52a5cdc6eea4c6861e1!@&Dev Singh - SDET.pdf', '2024-05-30 12:55:28.960937'),
(2325, 148, 4, '[148]-8be650e1950f5944ba2ce6e36b4720ad5fad07bad0ebde7be03fb44fabbfa6e2!@&Deepak_Resume.pdf', '2024-05-30 12:55:39.944943'),
(2326, 148, 4, '[148]-2a5804ae8816be2e12a4440399df54e2706417995bae019f0689177c36d8fc7d!@&Deepak-UI.pdf', '2024-05-30 12:55:49.07994'),
(2327, 148, 2, '[148]-e4b857cb8f5297b2b28baba2b4010268c994ddf940b8d6da9744419cdadb124f!@&Devang Garg-2 (1).pdf', '2024-05-30 12:56:02.838702'),
(2328, 148, 4, '[148]-4b55a87765491727b3f38fc412d9299ed2c1f6209ad51e83e15d02b2c15cf9a3!@&Deepanshi Kamboj.pdf', '2024-05-30 12:56:11.947643'),
(2329, 148, 2, '[148]-f9d7c00108d1957965996f17556e325cdc8ce69b4aaf2b86c87b8126135e935e!@&Desam_Venkata Vyshnavi_Resume_19-09-2023-22-39-26.pdf', '2024-05-30 12:56:17.179818'),
(2330, 148, 3, '[148]-4a5cf10881812c1af8fd0606acac38500050cf673df650dc37a7ff986c97e2a3!@&DeepakBCV.pdf,[144]-4a5cf10881812c1af8fd0606acac38500050cf673df650dc37a7ff986c97e2a3!@&DeepakBCV.pdf,2330', '2024-05-30 12:56:32.680739');
INSERT INTO "public"."Log" ("Id", "NotificationId", "Status", "Details", "CreatedAt") VALUES
(2332, 148, 2, '[148]-16bdc4d811ec9095ea04466e51861fae28e36fc2af10be0ebc796631c9d82a86!@&Deepanshu_CV3.0-1.pdf', '2024-05-30 12:56:52.329228');
INSERT INTO "public"."Log" ("Id", "NotificationId", "Status", "Details", "CreatedAt") VALUES
(2333, 148, 4, '[148]-c0593708fbb65ee30fae59bcc7ca02e1ea30dd8a0f0658e0ebf5367147b6c737!@&Deepanshu_resume(2).pdf', '2024-05-30 12:57:08.113734');
INSERT INTO "public"."Log" ("Id", "NotificationId", "Status", "Details", "CreatedAt") VALUES
(2334, 148, 2, '[148]-1e9adb6e3234f9d4cd90677bc8bfdcdffdb28b39f8f394e6389b98b242cfebb5!@&DEEPIKA PANT_Resume.pdf', '2024-05-30 12:57:14.299981'),
(2335, 148, 2, '[148]-b6df4aac800759e41a22092bbd9d7fa2206f7536d6fd60c7de3b46bfa902c541!@&DEVWRISH_PURWAR_Resume.pdf', '2024-05-30 12:57:24.511588'),
(2336, 148, 3, '[148]-0e8a665faa09cc97e33edbd756cd27fb0181fa6a4098aed4f4e4c934e2407b02!@&Curriculum Vitae-Sayali-1.pdf,[143]-0e8a665faa09cc97e33edbd756cd27fb0181fa6a4098aed4f4e4c934e2407b02Curriculum Vitae-Sayali-1.pdf,2336', '2024-05-30 12:57:38.836453'),
(2337, 148, 4, '[148]-3d808f23a42a349a88334e1b106d67bca8ac5418533c13c4a92fdaf9bc7f36fb!@&Derrick_Resume_1.pdf', '2024-05-30 12:57:48.401009'),
(2338, 148, 3, '[148]-ed5d55bda2745eedc97e523ff457039d7ca0160ce167782707f5556257448ab6!@&CV - Deepankar_Sharma (1).pdf,[143]-ed5d55bda2745eedc97e523ff457039d7ca0160ce167782707f5556257448ab6CV - Deepankar_Sharma (1).pdf,2338', '2024-05-30 12:57:58.562857'),
(2339, 148, 3, '[148]-97852377f5ebf26479bcadd1e510a2e57e415e09ff41cc534d1b1b23a3360a7c!@&CV - Deepankar_Sharma.pdf,[143]-ed5d55bda2745eedc97e523ff457039d7ca0160ce167782707f5556257448ab6CV - Deepankar_Sharma (1).pdf,2339', '2024-05-30 12:58:14.009761'),
(2340, 148, 3, '[148]-d1e139f8da8c49009ed30c7c27e294e68f44f1df6b62f2036857e20f1b984d40!@&CV - Vicky Jagwani.pdf,[143]-d1e139f8da8c49009ed30c7c27e294e68f44f1df6b62f2036857e20f1b984d40CV - Vicky Jagwani.pdf,2340', '2024-05-30 12:58:29.629187'),
(2341, 148, 2, '[148]-8eb98fe896d6a2500d92929903d1a5aeaf6b1333eb96af27855510d79f06b4fe!@&Dheeraj pandey.docx', '2024-05-30 12:58:39.362277'),
(2342, 148, 3, '[148]-f447dd174490f5af731785f2c232570d0a1719ddc320f16120c776e0a000ba72!@&currentResume.pdf,[143]-f447dd174490f5af731785f2c232570d0a1719ddc320f16120c776e0a000ba72currentResume.pdf,2342', '2024-05-30 12:58:47.97989'),
(2343, 148, 2, '[148]-a312e40768d20e3fe9baff6d3e541c0e62240e3b5413f194a4733393e30e2311!@&Devansh_Flutter_Resume.pdf', '2024-05-30 12:58:59.832479'),
(2344, 148, 3, '[148]-913dd2b3725c4a00e07b5983b0f7259af8a87df28e277fde53b486cc83857fb7!@&Deepank_Updated_Resume.pdf,[144]-913dd2b3725c4a00e07b5983b0f7259af8a87df28e277fde53b486cc83857fb7!@&Deepank_Updated_Resume.pdf,2344', '2024-05-30 12:59:14.175709'),
(2345, 148, 3, '[148]-b708063ca7bfbc2056dd37669bd4ee213e2cb67391988f9973c3ae131249e67d!@&CV - Raj Roy_Product.pdf,[143]-b708063ca7bfbc2056dd37669bd4ee213e2cb67391988f9973c3ae131249e67dCV - Raj Roy_Product.pdf,2345', '2024-05-30 12:59:30.390752'),
(2346, 148, 3, '[148]-1bd532dc860a7a6c75644a92407e6c302a37a640384f2fc417c70a62110db281!@&CV - Priyanshu Singh.pdf,[143]-1bd532dc860a7a6c75644a92407e6c302a37a640384f2fc417c70a62110db281CV - Priyanshu Singh.pdf,2346', '2024-05-30 12:59:41.276569'),
(2347, 148, 3, '[148]-3db766b15fb912f75eba0f4a4942d2443fc7b412854f2bd64021836e3cf5cfd1!@&Deepak_Kumar Chaubey_Resume.pdf,[144]-3db766b15fb912f75eba0f4a4942d2443fc7b412854f2bd64021836e3cf5cfd1!@&Deepak_Kumar Chaubey_Resume.pdf,2347', '2024-05-30 12:59:47.90387'),
(2348, 148, 3, '[148]-3ec96a155a58abbb068c8b2ed424007377287395b1cbed5aea906f429fa7e73c!@&CV  Praveena.pdf,[143]-3ec96a155a58abbb068c8b2ed424007377287395b1cbed5aea906f429fa7e73cCV  Praveena.pdf,2348', '2024-05-30 12:59:55.363465'),
(2349, 148, 2, '[148]-d7fe6566f8d0c644bd1c57037678208700d62e7382c8040e899466d1372fc3c6!@&Devesh Dubey Resume (1) (1).pdf', '2024-05-30 13:09:26.290431'),
(2350, 148, 2, '[148]-fc2063d3ebc85ae67191704fa0f9f04ca73bd23f0ca871caffb7519471bc1791!@&Devika Resume_July 2023.pdf', '2024-05-30 13:09:39.350294'),
(2351, 148, 2, '[148]-03f0a10a102271ec79b3d089fd44871158a9d14db43ff00f8864bce3220f676b!@&Dheeraj Verma  - Resume.pdf', '2024-05-30 13:09:52.482609'),
(2352, 148, 4, '[148]-dca52c1a4a8143f41a26de1959bf2a1bded2dd43a19eb278d463602ccae6fdba!@&Custom-Department-Recruitment-2023-Notification.pdf', '2024-05-30 13:10:04.825015'),
(2353, 148, 3, '[148]-cbb6d2c07c8960e3a3f773398feabe745a4ef7834833da98d909176f4e151de3!@&Curriculum Vitae_Yonatan Ripandra Sinaga.pdf,[130]-cbb6d2c07c8960e3a3f773398feabe745a4ef7834833da98d909176f4e151de3!@&Curriculum Vitae_Yonatan Ripandra Sinaga.pdf,2353', '2024-05-30 13:10:31.807506'),
(2354, 148, 4, '[148]-57b988ce500e49693fc545e01222d1aa0fc6faa883afb085491bc0f2a0f7bbd6!@&Copy of My Resume (1).pdf', '2024-05-30 13:10:55.294393'),
(2355, 148, 3, '[148]-833b074f7b47de27abe9bd5202d837ae791eb9026d72879d0e16524f800fc427!@&CV (1).pdf,[130]-833b074f7b47de27abe9bd5202d837ae791eb9026d72879d0e16524f800fc427!@&CV (1).pdf,2355', '2024-05-30 13:10:59.904789'),
(2356, 148, 4, '[148]-0de0b92e106beb14fab686c01d0c14f348c657b52ae6a1cccc56e9a4c6319b6f!@&dheeraj resume.pdf', '2024-05-30 13:11:07.37094'),
(2357, 149, 2, '[149]-36f7cce8903fc7aabc9e970db19b5f269eef8c5766618eefeb2bfaf72456b0a9!@&[Updated] Resume-Harsh Kumar Khatri (1).pdf', '2024-05-30 13:11:08.323249'),
(2358, 149, 3, '[149]-0545c721f306d5a06c54dc4093a24a415abd41a7af51f5bd6016aed2064b4c70!@&0_Clifford_Moses__Manager Delivery.docx,[142]-0545c721f306d5a06c54dc4093a24a415abd41a7af51f5bd6016aed2064b4c70!@&0_Clifford_Moses__Manager Delivery (1).docx,2358', '2024-05-30 13:11:22.550886'),
(2359, 149, 3, '[149]-0545c721f306d5a06c54dc4093a24a415abd41a7af51f5bd6016aed2064b4c70!@&0_Clifford_Moses__Manager Delivery (1).docx,[142]-0545c721f306d5a06c54dc4093a24a415abd41a7af51f5bd6016aed2064b4c70!@&0_Clifford_Moses__Manager Delivery (1).docx,2359', '2024-05-30 13:11:35.902074'),
(2371, 151, 3, '[151]-0545c721f306d5a06c54dc4093a24a415abd41a7af51f5bd6016aed2064b4c70!@&0_Clifford_Moses__Manager Delivery (1).docx,[142]-0545c721f306d5a06c54dc4093a24a415abd41a7af51f5bd6016aed2064b4c70!@&0_Clifford_Moses__Manager Delivery (1).docx,2371', '2024-05-30 13:13:36.491822'),
(2360, 149, 4, '[149]-c19b402307e8271bab248ccd5f9ab3b0f35a51f488602f99867dd3401b211382!@&0_MAHESH SHARMA CV 01-1-2.docx', '2024-05-30 13:11:49.063857'),
(2361, 149, 4, '[149]-636117b950128fc5b8e68116e010585e77483711a831b3adb82ce31db56c702f!@&1. Vikram iOS.pdf', '2024-05-30 13:11:56.339708'),
(2362, 149, 3, '[149]-bb69ea717a467a4ac7c6b40edf0e58a925c91840b9bf8e899f1095bd693f9ede!@&1+ year of frontend.pdf,[136]-bb69ea717a467a4ac7c6b40edf0e58a925c91840b9bf8e899f1095bd693f9ede!@&1+ year of frontend.pdf,2362', '2024-05-30 13:12:09.83316'),
(2363, 149, 3, '[149]-1294bddd282669c65bc377bdcbd5d66f80fc9cfc8f299a2d713f31a1122fb950!@&3Yrs.pdf,[142]-1294bddd282669c65bc377bdcbd5d66f80fc9cfc8f299a2d713f31a1122fb950!@&3Yrs.pdf,2363', '2024-05-30 13:12:18.648766'),
(2364, 149, 1, 'file data extraction in process', '2024-05-30 13:12:25.817429'),
(2365, 149, 4, '[149]-247ff56a8bb3f2e6d8cb3fd6843af4873071a6f3f97e83c33834072b0f47b02b!@&2_Page_Sivanandham_Resume.pdf', '2024-05-30 13:12:36.332858'),
(2366, 149, 3, '[149]-a216fdc08720dd3a9c352ef108d33710649686a1693e75c3888c906a1d732913!@&3 page Resume Mohit Mishra (1).pdf,[142]-a216fdc08720dd3a9c352ef108d33710649686a1693e75c3888c906a1d732913!@&3 page Resume Mohit Mishra (1).pdf,2366', '2024-05-30 13:12:44.326551'),
(2367, 149, 3, '[149]-2c94f87af0a750c1874c6cf32dd2212dc3be633dd209aa432fefb23fb3af5c57!@&5fe9b026-1822-443b-acf9-12d09d075949.PDF,[142]-2c94f87af0a750c1874c6cf32dd2212dc3be633dd209aa432fefb23fb3af5c57!@&5fe9b026-1822-443b-acf9-12d09d075949.PDF,2367', '2024-05-30 13:12:52.889566'),
(2368, 149, 3, '[149]-61d9546a463858e31709fc910e909768b93ec8f9bd83acba6a0fed8675d0c239!@&6  june 2023.pdf,[142]-61d9546a463858e31709fc910e909768b93ec8f9bd83acba6a0fed8675d0c239!@&6  june 2023.pdf,2368', '2024-05-30 13:13:00.041268');
INSERT INTO "public"."Log" ("Id", "NotificationId", "Status", "Details", "CreatedAt") VALUES
(2372, 151, 2, '[151]-36f7cce8903fc7aabc9e970db19b5f269eef8c5766618eefeb2bfaf72456b0a9!@&[Updated] Resume-Harsh Kumar Khatri (1).pdf', '2024-05-30 13:13:49.824835');
INSERT INTO "public"."Log" ("Id", "NotificationId", "Status", "Details", "CreatedAt") VALUES
(2369, 150, 4, '[150]-78c31491149599fd8931ba757d2b5dac2904cf03d8fb76d14e7c9f9eafc6e1a9!@&Chetan_Ghogre.pdf', '2024-05-30 13:13:16.053919');
INSERT INTO "public"."Log" ("Id", "NotificationId", "Status", "Details", "CreatedAt") VALUES
(2370, 151, 2, '[151]-36f7cce8903fc7aabc9e970db19b5f269eef8c5766618eefeb2bfaf72456b0a9!@&[Updated] Resume-Harsh Kumar Khatri (1) (1).pdf', '2024-05-30 13:13:22.440915'),
(2373, 151, 3, '[151]-0545c721f306d5a06c54dc4093a24a415abd41a7af51f5bd6016aed2064b4c70!@&0_Clifford_Moses__Manager Delivery.docx,[142]-0545c721f306d5a06c54dc4093a24a415abd41a7af51f5bd6016aed2064b4c70!@&0_Clifford_Moses__Manager Delivery (1).docx,2373', '2024-05-30 13:14:03.94249'),
(2377, 151, 4, '[151]-247ff56a8bb3f2e6d8cb3fd6843af4873071a6f3f97e83c33834072b0f47b02b!@&2_Page_Sivanandham_Resume.pdf', '2024-05-30 13:14:46.596923'),
(2374, 151, 4, '[151]-c19b402307e8271bab248ccd5f9ab3b0f35a51f488602f99867dd3401b211382!@&0_MAHESH SHARMA CV 01-1-2.docx', '2024-05-30 13:14:17.224443'),
(2375, 151, 4, '[151]-636117b950128fc5b8e68116e010585e77483711a831b3adb82ce31db56c702f!@&1. Vikram iOS.pdf', '2024-05-30 13:14:24.288004'),
(2376, 151, 3, '[151]-bb69ea717a467a4ac7c6b40edf0e58a925c91840b9bf8e899f1095bd693f9ede!@&1+ year of frontend.pdf,[136]-bb69ea717a467a4ac7c6b40edf0e58a925c91840b9bf8e899f1095bd693f9ede!@&1+ year of frontend.pdf,2376', '2024-05-30 13:14:37.787564'),
(2378, 151, 3, '[151]-a216fdc08720dd3a9c352ef108d33710649686a1693e75c3888c906a1d732913!@&3 page Resume Mohit Mishra (1).pdf,[142]-a216fdc08720dd3a9c352ef108d33710649686a1693e75c3888c906a1d732913!@&3 page Resume Mohit Mishra (1).pdf,2378', '2024-05-30 13:14:54.811138'),
(2379, 151, 3, '[151]-1294bddd282669c65bc377bdcbd5d66f80fc9cfc8f299a2d713f31a1122fb950!@&3Yrs.pdf,[142]-1294bddd282669c65bc377bdcbd5d66f80fc9cfc8f299a2d713f31a1122fb950!@&3Yrs.pdf,2379', '2024-05-30 13:15:03.200733'),
(2380, 151, 3, '[151]-2c94f87af0a750c1874c6cf32dd2212dc3be633dd209aa432fefb23fb3af5c57!@&5fe9b026-1822-443b-acf9-12d09d075949.PDF,[142]-2c94f87af0a750c1874c6cf32dd2212dc3be633dd209aa432fefb23fb3af5c57!@&5fe9b026-1822-443b-acf9-12d09d075949.PDF,2380', '2024-05-30 13:15:10.506547'),
(2381, 151, 3, '[151]-61d9546a463858e31709fc910e909768b93ec8f9bd83acba6a0fed8675d0c239!@&6  june 2023.pdf,[142]-61d9546a463858e31709fc910e909768b93ec8f9bd83acba6a0fed8675d0c239!@&6  june 2023.pdf,2381', '2024-05-30 13:15:17.648565'),
(2382, 152, 3, '[152]-0545c721f306d5a06c54dc4093a24a415abd41a7af51f5bd6016aed2064b4c70!@&0_Clifford_Moses__Manager Delivery (1).docx,[142]-0545c721f306d5a06c54dc4093a24a415abd41a7af51f5bd6016aed2064b4c70!@&0_Clifford_Moses__Manager Delivery (1).docx,2382', '2024-05-30 13:15:33.591675'),
(2383, 152, 2, '[152]-36f7cce8903fc7aabc9e970db19b5f269eef8c5766618eefeb2bfaf72456b0a9!@&[Updated] Resume-Harsh Kumar Khatri (1).pdf', '2024-05-30 13:15:46.711387'),
(2384, 152, 3, '[152]-0545c721f306d5a06c54dc4093a24a415abd41a7af51f5bd6016aed2064b4c70!@&0_Clifford_Moses__Manager Delivery.docx,[142]-0545c721f306d5a06c54dc4093a24a415abd41a7af51f5bd6016aed2064b4c70!@&0_Clifford_Moses__Manager Delivery (1).docx,2384', '2024-05-30 13:16:00.944208'),
(2385, 152, 4, '[152]-636117b950128fc5b8e68116e010585e77483711a831b3adb82ce31db56c702f!@&1. Vikram iOS.pdf', '2024-05-30 13:16:14.121151'),
(2386, 152, 4, '[152]-c19b402307e8271bab248ccd5f9ab3b0f35a51f488602f99867dd3401b211382!@&0_MAHESH SHARMA CV 01-1-2.docx', '2024-05-30 13:16:27.713009'),
(2387, 152, 3, '[152]-1294bddd282669c65bc377bdcbd5d66f80fc9cfc8f299a2d713f31a1122fb950!@&3Yrs.pdf,[142]-1294bddd282669c65bc377bdcbd5d66f80fc9cfc8f299a2d713f31a1122fb950!@&3Yrs.pdf,2387', '2024-05-30 13:16:34.785427'),
(2388, 152, 3, '[152]-a216fdc08720dd3a9c352ef108d33710649686a1693e75c3888c906a1d732913!@&3 page Resume Mohit Mishra (1).pdf,[142]-a216fdc08720dd3a9c352ef108d33710649686a1693e75c3888c906a1d732913!@&3 page Resume Mohit Mishra (1).pdf,2388', '2024-05-30 13:16:42.085023'),
(2389, 152, 3, '[152]-bb69ea717a467a4ac7c6b40edf0e58a925c91840b9bf8e899f1095bd693f9ede!@&1+ year of frontend.pdf,[136]-bb69ea717a467a4ac7c6b40edf0e58a925c91840b9bf8e899f1095bd693f9ede!@&1+ year of frontend.pdf,2389', '2024-05-30 13:16:50.612635'),
(2390, 152, 4, '[152]-247ff56a8bb3f2e6d8cb3fd6843af4873071a6f3f97e83c33834072b0f47b02b!@&2_Page_Sivanandham_Resume.pdf', '2024-05-30 13:16:59.590097'),
(2391, 152, 3, '[152]-2c94f87af0a750c1874c6cf32dd2212dc3be633dd209aa432fefb23fb3af5c57!@&5fe9b026-1822-443b-acf9-12d09d075949.PDF,[142]-2c94f87af0a750c1874c6cf32dd2212dc3be633dd209aa432fefb23fb3af5c57!@&5fe9b026-1822-443b-acf9-12d09d075949.PDF,2391', '2024-05-30 13:17:07.640803'),
(2392, 152, 3, '[152]-61d9546a463858e31709fc910e909768b93ec8f9bd83acba6a0fed8675d0c239!@&6  june 2023.pdf,[142]-61d9546a463858e31709fc910e909768b93ec8f9bd83acba6a0fed8675d0c239!@&6  june 2023.pdf,2392', '2024-05-30 13:17:15.006033'),
(2393, 152, 1, 'file data extraction in process', '2024-05-30 13:17:30.99962'),
(2394, 152, 4, '[152]-2e993f183494b5baa1232b3c889f68e111740834ccc0001e6026f61561b7f879!@&20bcs134_Mohd_faizan_6.pdf', '2024-05-30 13:17:41.394055'),
(2395, 152, 3, '[152]-9bb3290bfa8984149921a70ba840c07be79cd225222f8ff71018aa09a2b0f01f!@&38882_1685198883Sourabh-Sapkade.docx,[142]-9bb3290bfa8984149921a70ba840c07be79cd225222f8ff71018aa09a2b0f01f!@&38882_1685198883Sourabh-Sapkade.docx,2395', '2024-05-30 13:17:47.358708'),
(2396, 152, 4, '[152]-404becd916a6f55e3bcc9403c9d2b8470644055082e82717b90f7eb21b18bf1a!@&90b97c3f-71b3-4b83-8b66-5a115b3be37b.pdf', '2024-05-30 13:17:54.652484'),
(2397, 152, 3, '[152]-2e54428aa45d90cbde72e3c4ea463d285bf6d5cdf25e4ce45293c5bdcb6034aa!@&201B257-SHRAMIT-GUPTA-Resume.docx.pdf,[142]-2e54428aa45d90cbde72e3c4ea463d285bf6d5cdf25e4ce45293c5bdcb6034aa!@&201B257-SHRAMIT-GUPTA-Resume.docx.pdf,2397', '2024-05-30 13:18:00.222051'),
(2398, 152, 2, '[152]-ce2ce8cc143c7b46a83ba7ccb589d1a21c6a331ab101284fea06447b10b8932b!@&21 Ankush Qualitest Resume.pdf', '2024-05-30 13:18:08.454784'),
(2399, 153, 2, '[153]-36f7cce8903fc7aabc9e970db19b5f269eef8c5766618eefeb2bfaf72456b0a9!@&[Updated] Resume-Harsh Kumar Khatri (1).pdf', '2024-05-30 13:18:22.09836'),
(2400, 153, 3, '[153]-0545c721f306d5a06c54dc4093a24a415abd41a7af51f5bd6016aed2064b4c70!@&0_Clifford_Moses__Manager Delivery (1).docx,[142]-0545c721f306d5a06c54dc4093a24a415abd41a7af51f5bd6016aed2064b4c70!@&0_Clifford_Moses__Manager Delivery (1).docx,2400', '2024-05-30 13:18:36.17919'),
(2401, 153, 3, '[153]-0545c721f306d5a06c54dc4093a24a415abd41a7af51f5bd6016aed2064b4c70!@&0_Clifford_Moses__Manager Delivery.docx,[142]-0545c721f306d5a06c54dc4093a24a415abd41a7af51f5bd6016aed2064b4c70!@&0_Clifford_Moses__Manager Delivery (1).docx,2401', '2024-05-30 13:18:49.461547'),
(2408, 153, 3, '[153]-2c94f87af0a750c1874c6cf32dd2212dc3be633dd209aa432fefb23fb3af5c57!@&5fe9b026-1822-443b-acf9-12d09d075949.PDF,[142]-2c94f87af0a750c1874c6cf32dd2212dc3be633dd209aa432fefb23fb3af5c57!@&5fe9b026-1822-443b-acf9-12d09d075949.PDF,2408', '2024-05-30 13:19:56.233233'),
(2402, 153, 4, '[153]-c19b402307e8271bab248ccd5f9ab3b0f35a51f488602f99867dd3401b211382!@&0_MAHESH SHARMA CV 01-1-2.docx', '2024-05-30 13:19:02.63981'),
(2403, 153, 4, '[153]-636117b950128fc5b8e68116e010585e77483711a831b3adb82ce31db56c702f!@&1. Vikram iOS.pdf', '2024-05-30 13:19:09.69827'),
(2404, 153, 3, '[153]-bb69ea717a467a4ac7c6b40edf0e58a925c91840b9bf8e899f1095bd693f9ede!@&1+ year of frontend.pdf,[136]-bb69ea717a467a4ac7c6b40edf0e58a925c91840b9bf8e899f1095bd693f9ede!@&1+ year of frontend.pdf,2404', '2024-05-30 13:19:23.184809'),
(2405, 153, 3, '[153]-1294bddd282669c65bc377bdcbd5d66f80fc9cfc8f299a2d713f31a1122fb950!@&3Yrs.pdf,[142]-1294bddd282669c65bc377bdcbd5d66f80fc9cfc8f299a2d713f31a1122fb950!@&3Yrs.pdf,2405', '2024-05-30 13:19:32.416003'),
(2406, 153, 3, '[153]-a216fdc08720dd3a9c352ef108d33710649686a1693e75c3888c906a1d732913!@&3 page Resume Mohit Mishra (1).pdf,[142]-a216fdc08720dd3a9c352ef108d33710649686a1693e75c3888c906a1d732913!@&3 page Resume Mohit Mishra (1).pdf,2406', '2024-05-30 13:19:39.530246'),
(2407, 153, 4, '[153]-247ff56a8bb3f2e6d8cb3fd6843af4873071a6f3f97e83c33834072b0f47b02b!@&2_Page_Sivanandham_Resume.pdf', '2024-05-30 13:19:48.110324'),
(2409, 153, 3, '[153]-61d9546a463858e31709fc910e909768b93ec8f9bd83acba6a0fed8675d0c239!@&6  june 2023.pdf,[142]-61d9546a463858e31709fc910e909768b93ec8f9bd83acba6a0fed8675d0c239!@&6  june 2023.pdf,2409', '2024-05-30 13:20:03.533948'),
(2410, 153, 1, 'file data extraction in process', '2024-05-30 13:20:19.420253'),
(2411, 153, 4, '[153]-2e993f183494b5baa1232b3c889f68e111740834ccc0001e6026f61561b7f879!@&20bcs134_Mohd_faizan_6.pdf', '2024-05-30 13:20:30.031056'),
(2412, 154, 2, '[154]-36f7cce8903fc7aabc9e970db19b5f269eef8c5766618eefeb2bfaf72456b0a9!@&[Updated] Resume-Harsh Kumar Khatri (1).pdf', '2024-05-30 13:20:36.037236'),
(2413, 154, 3, '[154]-0545c721f306d5a06c54dc4093a24a415abd41a7af51f5bd6016aed2064b4c70!@&0_Clifford_Moses__Manager Delivery (1).docx,[142]-0545c721f306d5a06c54dc4093a24a415abd41a7af51f5bd6016aed2064b4c70!@&0_Clifford_Moses__Manager Delivery (1).docx,2413', '2024-05-30 13:20:50.275466'),
(2414, 154, 3, '[154]-0545c721f306d5a06c54dc4093a24a415abd41a7af51f5bd6016aed2064b4c70!@&0_Clifford_Moses__Manager Delivery.docx,[142]-0545c721f306d5a06c54dc4093a24a415abd41a7af51f5bd6016aed2064b4c70!@&0_Clifford_Moses__Manager Delivery (1).docx,2414', '2024-05-30 13:21:03.479326'),
(2416, 154, 4, '[154]-636117b950128fc5b8e68116e010585e77483711a831b3adb82ce31db56c702f!@&1. Vikram iOS.pdf', '2024-05-30 13:21:23.909547'),
(2415, 154, 4, '[154]-c19b402307e8271bab248ccd5f9ab3b0f35a51f488602f99867dd3401b211382!@&0_MAHESH SHARMA CV 01-1-2.docx', '2024-05-30 13:21:16.845233'),
(2417, 154, 3, '[154]-bb69ea717a467a4ac7c6b40edf0e58a925c91840b9bf8e899f1095bd693f9ede!@&1+ year of frontend.pdf,[136]-bb69ea717a467a4ac7c6b40edf0e58a925c91840b9bf8e899f1095bd693f9ede!@&1+ year of frontend.pdf,2417', '2024-05-30 13:21:37.46185'),
(2418, 154, 4, '[154]-247ff56a8bb3f2e6d8cb3fd6843af4873071a6f3f97e83c33834072b0f47b02b!@&2_Page_Sivanandham_Resume.pdf', '2024-05-30 13:21:46.417941'),
(2419, 154, 3, '[154]-a216fdc08720dd3a9c352ef108d33710649686a1693e75c3888c906a1d732913!@&3 page Resume Mohit Mishra (1).pdf,[142]-a216fdc08720dd3a9c352ef108d33710649686a1693e75c3888c906a1d732913!@&3 page Resume Mohit Mishra (1).pdf,2419', '2024-05-30 13:21:54.460377'),
(2420, 154, 3, '[154]-1294bddd282669c65bc377bdcbd5d66f80fc9cfc8f299a2d713f31a1122fb950!@&3Yrs.pdf,[142]-1294bddd282669c65bc377bdcbd5d66f80fc9cfc8f299a2d713f31a1122fb950!@&3Yrs.pdf,2420', '2024-05-30 13:22:02.83559'),
(2421, 154, 3, '[154]-2c94f87af0a750c1874c6cf32dd2212dc3be633dd209aa432fefb23fb3af5c57!@&5fe9b026-1822-443b-acf9-12d09d075949.PDF,[142]-2c94f87af0a750c1874c6cf32dd2212dc3be633dd209aa432fefb23fb3af5c57!@&5fe9b026-1822-443b-acf9-12d09d075949.PDF,2421', '2024-05-30 13:22:10.160024'),
(2422, 154, 3, '[154]-61d9546a463858e31709fc910e909768b93ec8f9bd83acba6a0fed8675d0c239!@&6  june 2023.pdf,[142]-61d9546a463858e31709fc910e909768b93ec8f9bd83acba6a0fed8675d0c239!@&6  june 2023.pdf,2422', '2024-05-30 13:22:17.295047'),
(2423, 155, 3, '[155]-0545c721f306d5a06c54dc4093a24a415abd41a7af51f5bd6016aed2064b4c70!@&0_Clifford_Moses__Manager Delivery (1).docx,[142]-0545c721f306d5a06c54dc4093a24a415abd41a7af51f5bd6016aed2064b4c70!@&0_Clifford_Moses__Manager Delivery (1).docx,2423', '2024-05-30 13:22:33.402765'),
(2424, 155, 3, '[155]-0545c721f306d5a06c54dc4093a24a415abd41a7af51f5bd6016aed2064b4c70!@&0_Clifford_Moses__Manager Delivery.docx,[142]-0545c721f306d5a06c54dc4093a24a415abd41a7af51f5bd6016aed2064b4c70!@&0_Clifford_Moses__Manager Delivery (1).docx,2424', '2024-05-30 13:22:46.665155'),
(2425, 155, 4, '[155]-c19b402307e8271bab248ccd5f9ab3b0f35a51f488602f99867dd3401b211382!@&0_MAHESH SHARMA CV 01-1-2.docx', '2024-05-30 13:22:59.837066'),
(2426, 155, 4, '[155]-636117b950128fc5b8e68116e010585e77483711a831b3adb82ce31db56c702f!@&1. Vikram iOS.pdf', '2024-05-30 13:23:07.087013'),
(2427, 155, 3, '[155]-bb69ea717a467a4ac7c6b40edf0e58a925c91840b9bf8e899f1095bd693f9ede!@&1+ year of frontend.pdf,[136]-bb69ea717a467a4ac7c6b40edf0e58a925c91840b9bf8e899f1095bd693f9ede!@&1+ year of frontend.pdf,2427', '2024-05-30 13:23:20.553429'),
(2428, 155, 4, '[155]-247ff56a8bb3f2e6d8cb3fd6843af4873071a6f3f97e83c33834072b0f47b02b!@&2_Page_Sivanandham_Resume.pdf', '2024-05-30 13:23:29.533426'),
(2429, 155, 3, '[155]-a216fdc08720dd3a9c352ef108d33710649686a1693e75c3888c906a1d732913!@&3 page Resume Mohit Mishra (1).pdf,[142]-a216fdc08720dd3a9c352ef108d33710649686a1693e75c3888c906a1d732913!@&3 page Resume Mohit Mishra (1).pdf,2429', '2024-05-30 13:23:37.602577'),
(2430, 155, 3, '[155]-1294bddd282669c65bc377bdcbd5d66f80fc9cfc8f299a2d713f31a1122fb950!@&3Yrs.pdf,[142]-1294bddd282669c65bc377bdcbd5d66f80fc9cfc8f299a2d713f31a1122fb950!@&3Yrs.pdf,2430', '2024-05-30 13:23:46.159316'),
(2431, 155, 3, '[155]-2c94f87af0a750c1874c6cf32dd2212dc3be633dd209aa432fefb23fb3af5c57!@&5fe9b026-1822-443b-acf9-12d09d075949.PDF,[142]-2c94f87af0a750c1874c6cf32dd2212dc3be633dd209aa432fefb23fb3af5c57!@&5fe9b026-1822-443b-acf9-12d09d075949.PDF,2431', '2024-05-30 13:23:53.298007'),
(2432, 155, 3, '[155]-61d9546a463858e31709fc910e909768b93ec8f9bd83acba6a0fed8675d0c239!@&6  june 2023.pdf,[142]-61d9546a463858e31709fc910e909768b93ec8f9bd83acba6a0fed8675d0c239!@&6  june 2023.pdf,2432', '2024-05-30 13:24:00.631636'),
(2433, 156, 3, '[156]-0545c721f306d5a06c54dc4093a24a415abd41a7af51f5bd6016aed2064b4c70!@&0_Clifford_Moses__Manager Delivery.docx,[142]-0545c721f306d5a06c54dc4093a24a415abd41a7af51f5bd6016aed2064b4c70!@&0_Clifford_Moses__Manager Delivery (1).docx,2433', '2024-05-30 13:24:16.488677'),
(2451, 157, 3, '[157]-1294bddd282669c65bc377bdcbd5d66f80fc9cfc8f299a2d713f31a1122fb950!@&3Yrs.pdf,[142]-1294bddd282669c65bc377bdcbd5d66f80fc9cfc8f299a2d713f31a1122fb950!@&3Yrs.pdf,2451', '2024-05-30 13:27:15.640983'),
(2434, 156, 4, '[156]-c19b402307e8271bab248ccd5f9ab3b0f35a51f488602f99867dd3401b211382!@&0_MAHESH SHARMA CV 01-1-2.docx', '2024-05-30 13:24:29.836147'),
(2435, 156, 4, '[156]-636117b950128fc5b8e68116e010585e77483711a831b3adb82ce31db56c702f!@&1. Vikram iOS.pdf', '2024-05-30 13:24:36.941412'),
(2436, 156, 3, '[156]-bb69ea717a467a4ac7c6b40edf0e58a925c91840b9bf8e899f1095bd693f9ede!@&1+ year of frontend.pdf,[136]-bb69ea717a467a4ac7c6b40edf0e58a925c91840b9bf8e899f1095bd693f9ede!@&1+ year of frontend.pdf,2436', '2024-05-30 13:24:50.604051'),
(2437, 156, 4, '[156]-247ff56a8bb3f2e6d8cb3fd6843af4873071a6f3f97e83c33834072b0f47b02b!@&2_Page_Sivanandham_Resume.pdf', '2024-05-30 13:24:59.448273'),
(2438, 156, 3, '[156]-a216fdc08720dd3a9c352ef108d33710649686a1693e75c3888c906a1d732913!@&3 page Resume Mohit Mishra (1).pdf,[142]-a216fdc08720dd3a9c352ef108d33710649686a1693e75c3888c906a1d732913!@&3 page Resume Mohit Mishra (1).pdf,2438', '2024-05-30 13:25:07.678183'),
(2439, 156, 3, '[156]-1294bddd282669c65bc377bdcbd5d66f80fc9cfc8f299a2d713f31a1122fb950!@&3Yrs.pdf,[142]-1294bddd282669c65bc377bdcbd5d66f80fc9cfc8f299a2d713f31a1122fb950!@&3Yrs.pdf,2439', '2024-05-30 13:25:16.055923'),
(2440, 156, 3, '[156]-2c94f87af0a750c1874c6cf32dd2212dc3be633dd209aa432fefb23fb3af5c57!@&5fe9b026-1822-443b-acf9-12d09d075949.PDF,[142]-2c94f87af0a750c1874c6cf32dd2212dc3be633dd209aa432fefb23fb3af5c57!@&5fe9b026-1822-443b-acf9-12d09d075949.PDF,2440', '2024-05-30 13:25:23.385887'),
(2441, 156, 3, '[156]-61d9546a463858e31709fc910e909768b93ec8f9bd83acba6a0fed8675d0c239!@&6  june 2023.pdf,[142]-61d9546a463858e31709fc910e909768b93ec8f9bd83acba6a0fed8675d0c239!@&6  june 2023.pdf,2441', '2024-05-30 13:25:30.515695'),
(2442, 156, 1, 'file data extraction in process', '2024-05-30 13:25:46.530681'),
(2443, 156, 4, '[156]-2e993f183494b5baa1232b3c889f68e111740834ccc0001e6026f61561b7f879!@&20bcs134_Mohd_faizan_6.pdf', '2024-05-30 13:25:57.029989'),
(2444, 157, 3, '[157]-0545c721f306d5a06c54dc4093a24a415abd41a7af51f5bd6016aed2064b4c70!@&0_Clifford_Moses__Manager Delivery (1).docx,[142]-0545c721f306d5a06c54dc4093a24a415abd41a7af51f5bd6016aed2064b4c70!@&0_Clifford_Moses__Manager Delivery (1).docx,2444', '2024-05-30 13:26:03.075286'),
(2445, 157, 3, '[157]-0545c721f306d5a06c54dc4093a24a415abd41a7af51f5bd6016aed2064b4c70!@&0_Clifford_Moses__Manager Delivery.docx,[142]-0545c721f306d5a06c54dc4093a24a415abd41a7af51f5bd6016aed2064b4c70!@&0_Clifford_Moses__Manager Delivery (1).docx,2445', '2024-05-30 13:26:16.208707'),
(2452, 157, 3, '[157]-2c94f87af0a750c1874c6cf32dd2212dc3be633dd209aa432fefb23fb3af5c57!@&5fe9b026-1822-443b-acf9-12d09d075949.PDF,[142]-2c94f87af0a750c1874c6cf32dd2212dc3be633dd209aa432fefb23fb3af5c57!@&5fe9b026-1822-443b-acf9-12d09d075949.PDF,2452', '2024-05-30 13:27:22.958215'),
(2446, 157, 4, '[157]-c19b402307e8271bab248ccd5f9ab3b0f35a51f488602f99867dd3401b211382!@&0_MAHESH SHARMA CV 01-1-2.docx', '2024-05-30 13:26:29.586049'),
(2447, 157, 4, '[157]-636117b950128fc5b8e68116e010585e77483711a831b3adb82ce31db56c702f!@&1. Vikram iOS.pdf', '2024-05-30 13:26:36.674327'),
(2448, 157, 3, '[157]-bb69ea717a467a4ac7c6b40edf0e58a925c91840b9bf8e899f1095bd693f9ede!@&1+ year of frontend.pdf,[136]-bb69ea717a467a4ac7c6b40edf0e58a925c91840b9bf8e899f1095bd693f9ede!@&1+ year of frontend.pdf,2448', '2024-05-30 13:26:50.258994'),
(2449, 157, 4, '[157]-247ff56a8bb3f2e6d8cb3fd6843af4873071a6f3f97e83c33834072b0f47b02b!@&2_Page_Sivanandham_Resume.pdf', '2024-05-30 13:26:59.209305'),
(2450, 157, 3, '[157]-a216fdc08720dd3a9c352ef108d33710649686a1693e75c3888c906a1d732913!@&3 page Resume Mohit Mishra (1).pdf,[142]-a216fdc08720dd3a9c352ef108d33710649686a1693e75c3888c906a1d732913!@&3 page Resume Mohit Mishra (1).pdf,2450', '2024-05-30 13:27:07.279689'),
(2453, 157, 3, '[157]-61d9546a463858e31709fc910e909768b93ec8f9bd83acba6a0fed8675d0c239!@&6  june 2023.pdf,[142]-61d9546a463858e31709fc910e909768b93ec8f9bd83acba6a0fed8675d0c239!@&6  june 2023.pdf,2453', '2024-05-30 13:27:30.170568'),
(2454, 157, 1, 'file data extraction in process', '2024-05-30 13:27:46.258882'),
(2455, 158, 2, '[158]-36f7cce8903fc7aabc9e970db19b5f269eef8c5766618eefeb2bfaf72456b0a9!@&[Updated] Resume-Harsh Kumar Khatri (1).pdf', '2024-05-30 13:27:56.76173'),
(2456, 159, 3, '[159]-7b3ec584dde88e086de6c137ff88aba65109d4fcf2b9c74aa9950caa67c5b351!@&@AMITfSHARMA.docx.pdf,[138]-7b3ec584dde88e086de6c137ff88aba65109d4fcf2b9c74aa9950caa67c5b351@AMITfSHARMA.docx.pdf,2456', '2024-05-31 05:38:45.845294'),
(2457, 160, 3, '[160]-7b3ec584dde88e086de6c137ff88aba65109d4fcf2b9c74aa9950caa67c5b351!@&@AMITfSHARMA.docx.pdf,[138]-7b3ec584dde88e086de6c137ff88aba65109d4fcf2b9c74aa9950caa67c5b351@AMITfSHARMA.docx.pdf,2457', '2024-05-31 07:25:28.000059'),
(2458, 160, 2, '[160]-36f7cce8903fc7aabc9e970db19b5f269eef8c5766618eefeb2bfaf72456b0a9!@&[Updated] Resume-Harsh Kumar Khatri (1) (1).pdf', '2024-05-31 07:26:55.282536'),
(2459, 161, 3, '[161]-7b3ec584dde88e086de6c137ff88aba65109d4fcf2b9c74aa9950caa67c5b351!@&@AMITfSHARMA.docx.pdf,[138]-7b3ec584dde88e086de6c137ff88aba65109d4fcf2b9c74aa9950caa67c5b351@AMITfSHARMA.docx.pdf,2459', '2024-05-31 07:28:49.858705'),
(2460, 161, 2, '[161]-36f7cce8903fc7aabc9e970db19b5f269eef8c5766618eefeb2bfaf72456b0a9!@&[Updated] Resume-Harsh Kumar Khatri (1) (1).pdf', '2024-05-31 07:28:56.892293'),
(2461, 161, 2, '[161]-36f7cce8903fc7aabc9e970db19b5f269eef8c5766618eefeb2bfaf72456b0a9!@&[Updated] Resume-Harsh Kumar Khatri (1).pdf', '2024-05-31 07:29:11.679039'),
(2463, 161, 3, '[161]-0545c721f306d5a06c54dc4093a24a415abd41a7af51f5bd6016aed2064b4c70!@&0_Clifford_Moses__Manager Delivery.docx,[142]-0545c721f306d5a06c54dc4093a24a415abd41a7af51f5bd6016aed2064b4c70!@&0_Clifford_Moses__Manager Delivery (1).docx,2463', '2024-05-31 07:29:34.439223'),
(2462, 161, 4, '[161]-c19b402307e8271bab248ccd5f9ab3b0f35a51f488602f99867dd3401b211382!@&0_MAHESH SHARMA CV 01-1-2.docx', '2024-05-31 07:29:26.689342'),
(2465, 161, 4, '[161]-636117b950128fc5b8e68116e010585e77483711a831b3adb82ce31db56c702f!@&1. Vikram iOS.pdf', '2024-05-31 07:30:01.814326'),
(2464, 161, 3, '[161]-0545c721f306d5a06c54dc4093a24a415abd41a7af51f5bd6016aed2064b4c70!@&0_Clifford_Moses__Manager Delivery (1).docx,[142]-0545c721f306d5a06c54dc4093a24a415abd41a7af51f5bd6016aed2064b4c70!@&0_Clifford_Moses__Manager Delivery (1).docx,2464', '2024-05-31 07:29:48.359791'),
(2466, 161, 3, '[161]-1294bddd282669c65bc377bdcbd5d66f80fc9cfc8f299a2d713f31a1122fb950!@&3Yrs.pdf,[142]-1294bddd282669c65bc377bdcbd5d66f80fc9cfc8f299a2d713f31a1122fb950!@&3Yrs.pdf,2466', '2024-05-31 07:30:15.888166'),
(2467, 161, 4, '[161]-247ff56a8bb3f2e6d8cb3fd6843af4873071a6f3f97e83c33834072b0f47b02b!@&2 Page Sivanandham Resume.pdf', '2024-05-31 07:30:23.238178'),
(2468, 161, 3, '[161]-a216fdc08720dd3a9c352ef108d33710649686a1693e75c3888c906a1d732913!@&3 page Resume Mohit Mishra (1).pdf,[142]-a216fdc08720dd3a9c352ef108d33710649686a1693e75c3888c906a1d732913!@&3 page Resume Mohit Mishra (1).pdf,2468', '2024-05-31 07:30:31.72348'),
(2469, 161, 3, '[161]-bb69ea717a467a4ac7c6b40edf0e58a925c91840b9bf8e899f1095bd693f9ede!@&1+ year of frontend.pdf,[136]-bb69ea717a467a4ac7c6b40edf0e58a925c91840b9bf8e899f1095bd693f9ede!@&1+ year of frontend.pdf,2469', '2024-05-31 07:30:40.234744'),
(2470, 161, 3, '[161]-2c94f87af0a750c1874c6cf32dd2212dc3be633dd209aa432fefb23fb3af5c57!@&5fe9b026-1822-443b-acf9-12d09d075949.PDF,[142]-2c94f87af0a750c1874c6cf32dd2212dc3be633dd209aa432fefb23fb3af5c57!@&5fe9b026-1822-443b-acf9-12d09d075949.PDF,2470', '2024-05-31 07:30:49.438401');

INSERT INTO "public"."Notification" ("Id", "Type", "NotificationDetails", "CreatedBy", "CreatedAt", "Status") VALUES
(130, 1, '{"notification_message": "file upload notification", "fileCount": 35}', 70, '2024-05-30 06:17:45.540353', 1);
INSERT INTO "public"."Notification" ("Id", "Type", "NotificationDetails", "CreatedBy", "CreatedAt", "Status") VALUES
(131, 1, '{"notification_message": "file upload notification", "fileCount": 1}', 70, '2024-05-30 06:39:58.037106', 1);
INSERT INTO "public"."Notification" ("Id", "Type", "NotificationDetails", "CreatedBy", "CreatedAt", "Status") VALUES
(132, 1, '{"notification_message": "file upload notification", "fileCount": 1}', 70, '2024-05-30 06:40:20.63795', 1);
INSERT INTO "public"."Notification" ("Id", "Type", "NotificationDetails", "CreatedBy", "CreatedAt", "Status") VALUES
(133, 1, '{"notification_message": "file upload notification", "fileCount": 2}', 70, '2024-05-30 06:49:23.49883', 1),
(134, 1, '{"notification_message": "file upload notification", "fileCount": 1}', 70, '2024-05-30 09:10:07.614409', 1),
(135, 1, '{"notification_message": "file upload notification", "fileCount": 1}', 70, '2024-05-30 09:46:30.066118', 1),
(136, 1, '{"notification_message": "file upload notification", "fileCount": 1}', 70, '2024-05-30 09:46:59.689412', 1),
(137, 1, '{"notification_message": "file upload notification", "fileCount": 1}', 70, '2024-05-30 09:47:45.144844', 1),
(138, 1, '{"notification_message": "file upload notification", "fileCount": 1}', 70, '2024-05-30 09:48:13.977305', 1),
(139, 1, '{"notification_message": "file upload notification", "fileCount": 1}', 70, '2024-05-30 11:00:00.110409', 1),
(140, 1, '{"notification_message": "file upload notification", "fileCount": 1}', 70, '2024-05-30 11:25:11.484867', 1),
(141, 1, '{"notification_message": "file upload notification", "fileCount": 1}', 70, '2024-05-30 11:26:08.453581', 1),
(142, 1, '{"notification_message": "file upload notification", "fileCount": 80}', 70, '2024-05-30 11:26:25.389853', 1),
(143, 1, '{"notification_message": "file upload notification", "fileCount": 27}', 70, '2024-05-30 11:30:12.856392', 1),
(144, 1, '{"notification_message": "file upload notification", "fileCount": 38}', 70, '2024-05-30 11:32:33.128878', 1),
(145, 1, '{"notification_message": "file upload notification", "fileCount": 38}', 70, '2024-05-30 11:32:33.343015', 1),
(146, 1, '{"notification_message": "file upload notification", "fileCount": 38}', 70, '2024-05-30 11:32:33.557004', 1),
(147, 1, '{"notification_message": "file upload notification", "fileCount": 38}', 70, '2024-05-30 11:32:33.771307', 1),
(148, 1, '{"notification_message": "file upload notification", "fileCount": 62}', 70, '2024-05-30 11:33:38.727683', 1),
(149, 1, '{"notification_message": "file upload notification", "fileCount": 12}', 70, '2024-05-30 11:34:08.5502', 1),
(150, 1, '{"notification_message": "file upload notification", "fileCount": 1}', 70, '2024-05-30 11:36:15.834591', 1),
(151, 1, '{"notification_message": "file upload notification", "fileCount": 12}', 70, '2024-05-30 11:37:32.794912', 1),
(152, 1, '{"notification_message": "file upload notification", "fileCount": 17}', 70, '2024-05-30 11:37:38.694853', 1),
(153, 1, '{"notification_message": "file upload notification", "fileCount": 13}', 70, '2024-05-30 11:37:46.778843', 1),
(154, 1, '{"notification_message": "file upload notification", "fileCount": 19}', 70, '2024-05-30 11:39:34.675523', 1),
(155, 1, '{"notification_message": "file upload notification", "fileCount": 38}', 70, '2024-05-30 11:40:35.787131', 1),
(156, 1, '{"notification_message": "file upload notification", "fileCount": 33}', 70, '2024-05-30 11:40:47.439169', 1),
(157, 1, '{"notification_message": "file upload notification", "fileCount": 11}', 70, '2024-05-30 11:41:05.034512', 1),
(158, 1, '{"notification_message": "file upload notification", "fileCount": 1}', 70, '2024-05-30 11:41:59.897184', 1),
(159, 1, '{"notification_message": "file upload notification", "fileCount": 1}', 70, '2024-05-30 15:29:55.490343', 1),
(160, 1, '{"notification_message": "file upload notification", "fileCount": 2}', 70, '2024-05-31 07:16:47.862302', 1),
(161, 1, '{"notification_message": "file upload notification", "fileCount": 12}', 70, '2024-05-31 07:27:22.417824', 1);





INSERT INTO "public"."Resume" ("ResumeId", "FileHash", "FileName", "FileType", "Path", "CreatedBy", "CreatedDate", "UpdatedBy", "UpdatedDate", "Status", "Category", "IsViewed", "IsActive") VALUES
(4106, 'dummyhash', '[130]-bfcd2c68324b01a69f9ce76c59fbee16914af95d8c12ae7cbbb8caa00de7aabc!@&DV(CV) .pdf', 'pdf', 'somewhere', 70, '2024-05-30 06:30:30.982213', 70, '2024-05-30 06:30:30.982213', 't', 'frontend developer', 'f', 't');
INSERT INTO "public"."Resume" ("ResumeId", "FileHash", "FileName", "FileType", "Path", "CreatedBy", "CreatedDate", "UpdatedBy", "UpdatedDate", "Status", "Category", "IsViewed", "IsActive") VALUES
(4108, 'dummyhash', '[130]-ee9e67938fe64bdfc13a67cdde8bfe24d9c9dd8e8e5467f241b56868a235192c!@&Sachin Goel Resume 2023.pdf', 'pdf', 'somewhere', 70, '2024-05-30 06:31:21.100225', 70, '2024-05-30 06:31:21.100225', 't', 'business analyst', 'f', 't');
INSERT INTO "public"."Resume" ("ResumeId", "FileHash", "FileName", "FileType", "Path", "CreatedBy", "CreatedDate", "UpdatedBy", "UpdatedDate", "Status", "Category", "IsViewed", "IsActive") VALUES
(4109, 'dummyhash', '[130]-dc3bff9653a0a19f5b054cf810297d27ee152a11affc9fa92d7d4e91c8673c96!@&Shraddha.rr.pdf', 'pdf', 'somewhere', 70, '2024-05-30 06:31:30.611696', 70, '2024-05-30 06:31:30.611696', 't', 'frontend developer', 'f', 't');
INSERT INTO "public"."Resume" ("ResumeId", "FileHash", "FileName", "FileType", "Path", "CreatedBy", "CreatedDate", "UpdatedBy", "UpdatedDate", "Status", "Category", "IsViewed", "IsActive") VALUES
(4110, 'dummyhash', '[130]-04f6b955ba460f6f0e5f2e27914d45d28e02508fac429e77f78c737dc27781d5!@&CVNIHAL.pdf', 'pdf', 'somewhere', 70, '2024-05-30 06:31:50.682557', 70, '2024-05-30 06:31:50.682557', 't', 'mobile app developer', 'f', 't'),
(4111, 'dummyhash', '[130]-ad6ab1874d2b9a6181e152a46230d3f098eeeb2817b835c1e15fbab31840e484!@&RESUME-2023.pdf', 'pdf', 'somewhere', 70, '2024-05-30 06:32:01.448195', 70, '2024-05-30 06:32:01.448195', 't', 'frontend developer', 'f', 't'),
(4112, 'dummyhash', '[130]-3ef1038c03f576b3ca89a4fc512ce53a5d64cd27c4b454ac842b9a6ed3aecf1e!@&Resume-Rahul-Kumar.pdf', 'pdf', 'somewhere', 70, '2024-05-30 06:32:22.923625', 70, '2024-05-30 06:32:22.923625', 't', 'product manager', 'f', 't'),
(4113, 'dummyhash', '[130]-4761c5ae036a07ff9804470829bd196ddf4ee954e19446f39ceeb1f2018cf6cf!@&Satyam ShuklaCV2023.pdf', 'pdf', 'somewhere', 70, '2024-05-30 06:33:06.379616', 70, '2024-05-30 06:33:06.379616', 't', 'mobile app developer', 'f', 't'),
(4114, 'dummyhash', '[130]-913c76ef42d665818996c5e26ec5064319e36e55692ca0da87942d7fb4ae74d8!@&QA_KiranD.pdf', 'pdf', 'somewhere', 70, '2024-05-30 06:33:28.017707', 70, '2024-05-30 06:33:28.017707', 't', 'quality assurance engineer', 'f', 't'),
(4115, 'dummyhash', '[130]-daf13d4bf56e1e847b001efc4b87c31330dbd349fc0a2ffab9bd81dc365a6eaf!@&CV_Prabhat_Rishi.pdf', 'pdf', 'somewhere', 70, '2024-05-30 06:33:46.558431', 70, '2024-05-30 06:33:46.558431', 't', 'product manager', 'f', 't'),
(4116, 'dummyhash', '[130]-a4cda5a33d60e83264901933f7c5df6a12bd6c017521d5bf1cfcc8c4e6d39548!@&resume sundaram june.pdf', 'pdf', 'somewhere', 70, '2024-05-30 06:34:03.031878', 70, '2024-05-30 06:34:03.031878', 't', 'frontend developer', 'f', 't'),
(4117, 'dummyhash', '[130]-833b074f7b47de27abe9bd5202d837ae791eb9026d72879d0e16524f800fc427!@&CV (1).pdf', 'pdf', 'somewhere', 70, '2024-05-30 06:34:17.739027', 70, '2024-05-30 06:34:17.739027', 't', 'mobile app developer', 'f', 't'),
(4118, 'dummyhash', '[130]-dc53fe9c6d23212b84158481e9d8656dedac35b4a4efa618826669e8a61df2de!@&Navneet prajapati.pdf', 'pdf', 'somewhere', 70, '2024-05-30 06:34:49.271691', 70, '2024-05-30 06:34:49.271691', 't', 'mobile app developer', 'f', 't'),
(4119, 'dummyhash', '[130]-eb25fd78c92418eba0e0c6f403bec42cc72dddacad28be39531d4b9d1e66c2bd!@&Resume 3.pdf', 'pdf', 'somewhere', 70, '2024-05-30 06:35:25.573098', 70, '2024-05-30 06:35:25.573098', 't', 'quality assurance engineer', 'f', 't'),
(4120, 'dummyhash', '[130]-7ced97b88b23f1553dcf1b548cef1cd3c2cf17fb35c25eb7f4f567a410b929f4!@&Onkar Kulkarni.pdf', 'pdf', 'somewhere', 70, '2024-05-30 06:35:35.980828', 70, '2024-05-30 06:35:35.980828', 't', 'mobile app developer', 'f', 't'),
(4121, 'dummyhash', '[130]-cbb6d2c07c8960e3a3f773398feabe745a4ef7834833da98d909176f4e151de3!@&Curriculum Vitae_Yonatan Ripandra Sinaga.pdf', 'pdf', 'somewhere', 70, '2024-05-30 06:36:07.191221', 70, '2024-05-30 06:36:07.191221', 't', 'software engineer intern', 'f', 't'),
(4122, 'dummyhash', '[136]-bb69ea717a467a4ac7c6b40edf0e58a925c91840b9bf8e899f1095bd693f9ede!@&1+ year of frontend.pdf', 'pdf', 'somewhere', 70, '2024-05-30 09:47:39.837409', 70, '2024-05-30 09:47:39.837409', 't', 'frontend developer', 'f', 't'),
(4123, 'dummyhash', '[138]-7b3ec584dde88e086de6c137ff88aba65109d4fcf2b9c74aa9950caa67c5b351@AMITfSHARMA.docx.pdf', 'pdf', 'somewhere', 70, '2024-05-30 10:59:50.428288', 70, '2024-05-30 10:59:50.428288', 't', 'mobile app developer', 'f', 't'),
(4124, 'dummyhash', '[139]-0af46e959ecf189e8a423e2f828cb0b850c126886455790bf687f962346a029aCV_Latasha Rani revised.pdf', 'pdf', 'somewhere', 70, '2024-05-30 11:08:50.60479', 70, '2024-05-30 11:08:50.60479', 't', 'product manager', 'f', 't'),
(4125, 'dummyhash', '[142]-36f7cce8903fc7aabc9e970db19b5f269eef8c5766618eefeb2bfaf72456b0a9!@&[Updated] Resume-Harsh Kumar Khatri (1) (1).pdf', 'pdf', 'somewhere', 70, '2024-05-30 11:26:39.433834', 70, '2024-05-30 11:26:39.433834', 't', 'mobile app developer', 'f', 't'),
(4126, 'dummyhash', '[142]-36f7cce8903fc7aabc9e970db19b5f269eef8c5766618eefeb2bfaf72456b0a9!@&[Updated] Resume-Harsh Kumar Khatri (1).pdf', 'pdf', 'somewhere', 70, '2024-05-30 11:26:53.392693', 70, '2024-05-30 11:26:53.392693', 't', 'mobile app developer', 'f', 't'),
(4127, 'dummyhash', '[142]-0545c721f306d5a06c54dc4093a24a415abd41a7af51f5bd6016aed2064b4c70!@&0_Clifford_Moses__Manager Delivery (1).docx', 'pdf', 'somewhere', 70, '2024-05-30 11:27:12.116721', 70, '2024-05-30 11:27:12.116721', 't', 'team lead', 'f', 't'),
(4128, 'dummyhash', '[142]-a216fdc08720dd3a9c352ef108d33710649686a1693e75c3888c906a1d732913!@&3 page Resume Mohit Mishra (1).pdf', 'pdf', 'somewhere', 70, '2024-05-30 11:28:16.624779', 70, '2024-05-30 11:28:16.624779', 't', 'frontend developer', 'f', 't'),
(4129, 'dummyhash', '[142]-1294bddd282669c65bc377bdcbd5d66f80fc9cfc8f299a2d713f31a1122fb950!@&3Yrs.pdf', 'pdf', 'somewhere', 70, '2024-05-30 11:28:27.305561', 70, '2024-05-30 11:28:27.305561', 't', 'backend developer', 'f', 't'),
(4130, 'dummyhash', '[142]-2c94f87af0a750c1874c6cf32dd2212dc3be633dd209aa432fefb23fb3af5c57!@&5fe9b026-1822-443b-acf9-12d09d075949.PDF', 'pdf', 'somewhere', 70, '2024-05-30 11:28:37.447709', 70, '2024-05-30 11:28:37.447709', 't', 'mobile app developer', 'f', 't'),
(4131, 'dummyhash', '[142]-61d9546a463858e31709fc910e909768b93ec8f9bd83acba6a0fed8675d0c239!@&6  june 2023.pdf', 'pdf', 'somewhere', 70, '2024-05-30 11:28:56.794958', 70, '2024-05-30 11:28:56.794958', 't', 'quality assurance engineer', 'f', 't'),
(4132, 'dummyhash', '[142]-9a58e36abd9a2a1f52d8ce121011345d724d7b3253d1ded1475e0b07a0b7f280!@&8 Years Manual Testing Experiance with Senior QA or QA Lead .pdf', 'pdf', 'somewhere', 70, '2024-05-30 11:29:09.453726', 70, '2024-05-30 11:29:09.453726', 't', 'team lead', 'f', 't'),
(4133, 'dummyhash', '[142]-ce2ce8cc143c7b46a83ba7ccb589d1a21c6a331ab101284fea06447b10b8932b!@&21 Ankush Qualitest Resume.pdf', 'pdf', 'somewhere', 70, '2024-05-30 11:29:29.89825', 70, '2024-05-30 11:29:29.89825', 't', 'quality assurance engineer', 'f', 't'),
(4134, 'dummyhash', '[142]-2e54428aa45d90cbde72e3c4ea463d285bf6d5cdf25e4ce45293c5bdcb6034aa!@&201B257-SHRAMIT-GUPTA-Resume.docx.pdf', 'pdf', 'somewhere', 70, '2024-05-30 11:29:46.158982', 70, '2024-05-30 11:29:46.158982', 't', 'mobile app developer', 'f', 't'),
(4135, 'dummyhash', '[142]-9bb3290bfa8984149921a70ba840c07be79cd225222f8ff71018aa09a2b0f01f!@&38882_1685198883Sourabh-Sapkade.docx', 'pdf', 'somewhere', 70, '2024-05-30 11:29:57.258826', 70, '2024-05-30 11:29:57.258826', 't', 'data architect', 'f', 't'),
(4136, 'dummyhash', '[143]-6a1d37f7aecd7b3ccc0204ca32447c352652a3341078e9844217a2f381337ad0Chetan Kalpande Resume.pdf', 'pdf', 'somewhere', 70, '2024-05-30 11:32:06.71633', 70, '2024-05-30 11:32:06.71633', 't', 'embedded systems engineer', 'f', 't'),
(4137, 'dummyhash', '[143]-83dd40ec7745ee8c9ce6f9039ff4ee069d319a23f33f3eec5141c588851da1ccChetan-Resume.pdf', 'pdf', 'somewhere', 70, '2024-05-30 11:32:27.27672', 70, '2024-05-30 11:32:27.27672', 't', 'software engineer intern', 'f', 't'),
(4138, 'dummyhash', '[143]-d7f8f21b01fe042becabdc01c57243f4dc47f0dced2d719a21c6f08e095572aeChetan_Prajapati_-_Software_Engineer-3 2.pdf', 'pdf', 'somewhere', 70, '2024-05-30 11:32:44.425123', 70, '2024-05-30 11:32:44.425123', 't', 'frontend developer', 'f', 't'),
(4139, 'dummyhash', '[143]-2122158bb4bafc3bee9bb19053f1c534e7324c2990262691af7b8e2e95760322Chirag Chawda.pdf', 'pdf', 'somewhere', 70, '2024-05-30 11:32:54.495115', 70, '2024-05-30 11:32:54.495115', 't', 'backend developer', 'f', 't'),
(4140, 'dummyhash', '[143]-fc9804b65939807f0cc19ab94a2efed7d3a7e0ce30eec9bd7f310f76aaaaacdbChirag_Resume.pdf', 'pdf', 'somewhere', 70, '2024-05-30 11:33:07.281968', 70, '2024-05-30 11:33:07.281968', 't', 'software engineer intern', 'f', 't'),
(4141, 'dummyhash', '[143]-61e3cde6345ad16f7351d94d8bb90da973da80eb0f40b42c1f0516a7a282f224Chirag_PM 3.pdf', 'pdf', 'somewhere', 70, '2024-05-30 11:33:23.488405', 70, '2024-05-30 11:33:23.488405', 't', 'data analyst', 'f', 't'),
(4142, 'dummyhash', '[143]-936f833c0beb1bbc0ec4736438193f584d6bbfed9d684f4740704b9dc76a3c40Chirag Goel CV.pdf', 'pdf', 'somewhere', 70, '2024-05-30 11:33:36.864326', 70, '2024-05-30 11:33:36.864326', 't', 'test analyst', 'f', 't'),
(4143, 'dummyhash', '[143]-ce5fd9c6b28adeb491b1b7c8b09cf5884b3a496076f2c623196503a9a7bf1eccCHIRAGKUMAR4_0PM.pdf', 'pdf', 'somewhere', 70, '2024-05-30 11:33:54.513219', 70, '2024-05-30 11:33:54.513219', 't', 'frontend developer', 'f', 't'),
(4144, 'dummyhash', '[143]-f0b08a58ef609262ee8bdab6f7fee8e3d298ca650bbe37869d524952dab5e5fcCopy of Copy of EXPERIENCE.pdf', 'pdf', 'somewhere', 70, '2024-05-30 11:34:05.394221', 70, '2024-05-30 11:34:05.394221', 't', 'backend developer', 'f', 't'),
(4145, 'dummyhash', '[143]-03b6d94d3cc7a499c61744a7345328cfca83a8b39c74641f906743d210cd3970Deepak_Gupta.pdf', 'pdf', 'somewhere', 70, '2024-05-30 11:34:24.714785', 70, '2024-05-30 11:34:24.714785', 't', 'embedded systems engineer', 'f', 't'),
(4146, 'dummyhash', '[143]-0e8a665faa09cc97e33edbd756cd27fb0181fa6a4098aed4f4e4c934e2407b02Curriculum Vitae-Sayali-1.pdf', 'pdf', 'somewhere', 70, '2024-05-30 11:34:37.036934', 70, '2024-05-30 11:34:37.036934', 't', 'embedded systems engineer', 'f', 't'),
(4147, 'dummyhash', '[143]-ed5d55bda2745eedc97e523ff457039d7ca0160ce167782707f5556257448ab6CV - Deepankar_Sharma (1).pdf', 'pdf', 'somewhere', 70, '2024-05-30 11:34:55.707584', 70, '2024-05-30 11:34:55.707584', 't', 'product manager', 'f', 't'),
(4148, 'dummyhash', '[143]-f32b4caa9d3711911a347ba39764a2430bb101888458a3734100c591ce627b67ChiragNTresume.docx', 'pdf', 'somewhere', 70, '2024-05-30 11:35:25.843354', 70, '2024-05-30 11:35:25.843354', 't', 'quality assurance engineer', 'f', 't'),
(4149, 'dummyhash', '[143]-f447dd174490f5af731785f2c232570d0a1719ddc320f16120c776e0a000ba72currentResume.pdf', 'pdf', 'somewhere', 70, '2024-05-30 11:35:41.928484', 70, '2024-05-30 11:35:41.928484', 't', 'frontend developer', 'f', 't'),
(4150, 'dummyhash', '[143]-d1e139f8da8c49009ed30c7c27e294e68f44f1df6b62f2036857e20f1b984d40CV - Vicky Jagwani.pdf', 'pdf', 'somewhere', 70, '2024-05-30 11:35:58.834967', 70, '2024-05-30 11:35:58.834967', 't', 'quality assurance engineer', 'f', 't'),
(4151, 'dummyhash', '[143]-b708063ca7bfbc2056dd37669bd4ee213e2cb67391988f9973c3ae131249e67dCV - Raj Roy_Product.pdf', 'pdf', 'somewhere', 70, '2024-05-30 11:36:12.665461', 70, '2024-05-30 11:36:12.665461', 't', 'product manager', 'f', 't'),
(4152, 'dummyhash', '[143]-3ec96a155a58abbb068c8b2ed424007377287395b1cbed5aea906f429fa7e73cCV  Praveena.pdf', 'pdf', 'somewhere', 70, '2024-05-30 11:45:48.728351', 70, '2024-05-30 11:45:48.728351', 't', 'project coordinator', 'f', 't'),
(4153, 'dummyhash', '[143]-1bd532dc860a7a6c75644a92407e6c302a37a640384f2fc417c70a62110db281CV - Priyanshu Singh.pdf', 'pdf', 'somewhere', 70, '2024-05-30 11:45:59.913725', 70, '2024-05-30 11:45:59.913725', 't', 'mobile app developer', 'f', 't'),
(4154, 'dummyhash', '[144]-47ea89511fc0df2c9efbd559196f6b11982d85d69f192413320f4051dac5c939!@&DeepakGuptanew.pdf', 'pdf', 'somewhere', 70, '2024-05-30 11:50:02.526656', 70, '2024-05-30 11:50:02.526656', 't', 'frontend developer', 'f', 't'),
(4155, 'dummyhash', '[144]-dac5810929ab8b463d2bb02014ebde714dac2a6e53bbf8f7c2066c78fcc9c3ad!@&DeepakChutani_Resume (1) (1) (1).docx', 'pdf', 'somewhere', 70, '2024-05-30 11:50:50.780746', 70, '2024-05-30 11:50:50.780746', 't', 'product manager', 'f', 't'),
(4156, 'dummyhash', '[144]-16bdc4d811ec9095ea04466e51861fae28e36fc2af10be0ebc796631c9d82a86!@&Deepanshu_CV3.0-1.pdf', 'pdf', 'somewhere', 70, '2024-05-30 11:52:42.585905', 70, '2024-05-30 11:52:42.585905', 't', 'backend developer', 'f', 't'),
(4157, 'dummyhash', '[144]-4a5cf10881812c1af8fd0606acac38500050cf673df650dc37a7ff986c97e2a3!@&DeepakBCV.pdf', 'pdf', 'somewhere', 70, '2024-05-30 11:58:12.717355', 70, '2024-05-30 11:58:12.717355', 't', 'product manager', 'f', 't'),
(4158, 'dummyhash', '[145]-16bdc4d811ec9095ea04466e51861fae28e36fc2af10be0ebc796631c9d82a86!@&Deepanshu_CV3.0-1.pdf', 'pdf', 'somewhere', 70, '2024-05-30 12:00:47.908442', 70, '2024-05-30 12:00:47.908442', 't', 'backend developer', 'f', 't'),
(4159, 'dummyhash', '[147]-16bdc4d811ec9095ea04466e51861fae28e36fc2af10be0ebc796631c9d82a86!@&Deepanshu_CV3.0-1.pdf', 'pdf', 'somewhere', 70, '2024-05-30 12:01:23.604438', 70, '2024-05-30 12:01:23.604438', 't', 'backend developer', 'f', 't'),
(4160, 'dummyhash', '[146]-16bdc4d811ec9095ea04466e51861fae28e36fc2af10be0ebc796631c9d82a86!@&Deepanshu_CV3.0-1.pdf', 'pdf', 'somewhere', 70, '2024-05-30 12:03:15.006705', 70, '2024-05-30 12:03:15.006705', 't', 'backend developer', 'f', 't'),
(4161, 'dummyhash', '[144]-913dd2b3725c4a00e07b5983b0f7259af8a87df28e277fde53b486cc83857fb7!@&Deepank_Updated_Resume.pdf', 'pdf', 'somewhere', 70, '2024-05-30 12:05:20.12816', 70, '2024-05-30 12:05:20.12816', 't', 'embedded systems engineer', 'f', 't'),
(4162, 'dummyhash', '[144]-3db766b15fb912f75eba0f4a4942d2443fc7b412854f2bd64021836e3cf5cfd1!@&Deepak_Kumar Chaubey_Resume.pdf', 'pdf', 'somewhere', 70, '2024-05-30 12:06:55.172604', 70, '2024-05-30 12:06:55.172604', 't', 'frontend developer', 'f', 't'),
(4163, 'dummyhash', '[148]-d3fe04768e314e9fd70bafc295b7211d0ca1b74f6fb305a1b42eac982e00fb24!@&deepika resume updated.docx', 'pdf', 'somewhere', 70, '2024-05-30 12:53:21.429004', 70, '2024-05-30 12:53:21.429004', 't', 'quality assurance engineer', 'f', 't'),
(4164, 'dummyhash', '[148]-bef34f4f08e7832f426393fb7a69e1d847d152fe5da4fe1139960e90d68ce9ab!@&Deependra Rajawat Resume-1.pdf', 'pdf', 'somewhere', 70, '2024-05-30 12:53:40.646968', 70, '2024-05-30 12:53:40.646968', 't', 'frontend developer', 'f', 't'),
(4165, 'dummyhash', '[148]-eaff1115e38815e99cc05f842ac755f8964e8a5199884af50395d35503b576ba!@&Deepender Updated CV.pdf', 'pdf', 'somewhere', 70, '2024-05-30 12:53:48.56641', 70, '2024-05-30 12:53:48.56641', 't', 'frontend developer', 'f', 't'),
(4166, 'dummyhash', '[148]-f5c844d8ba7430bf2cda3def41c8490bda318ec20889ac7fa795a5779ae5d392!@&Devesh Resume Corek.docx', 'pdf', 'somewhere', 70, '2024-05-30 12:53:59.500479', 70, '2024-05-30 12:53:59.500479', 't', 'embedded systems engineer', 'f', 't'),
(4167, 'dummyhash', '[148]-62255de56303b636059ac8eedff9023f1231adcbc5c75045a69230b4d559c833!@&DeepeshResume.pdf', 'pdf', 'somewhere', 70, '2024-05-30 12:54:37.749893', 70, '2024-05-30 12:54:37.749893', 't', 'mobile app developer', 'f', 't'),
(4168, 'dummyhash', '[148]-ee4925a265fef392460057472dc285b49ffbc1313e6a0c4dc2d29a6495162aff!@&Deveshresume (2).pdf', 'pdf', 'somewhere', 70, '2024-05-30 12:55:03.233321', 70, '2024-05-30 12:55:03.233321', 't', 'software engineer intern', 'f', 't'),
(4169, 'dummyhash', '[148]-f2cc0d6906fe331f91d1566903a5c2d2bc704ed40529cbbd4203c9d818b0b6b3!@&deepanshuu reesume.pdf', 'pdf', 'somewhere', 70, '2024-05-30 12:55:13.080504', 70, '2024-05-30 12:55:13.080504', 't', 'frontend developer', 'f', 't');
INSERT INTO "public"."Resume" ("ResumeId", "FileHash", "FileName", "FileType", "Path", "CreatedBy", "CreatedDate", "UpdatedBy", "UpdatedDate", "Status", "Category", "IsViewed", "IsActive") VALUES
(4170, 'dummyhash', '[148]-9362069b9e20bdbea4765702299d29acd84c6199ac23bac87081fa495cd48c7d!@&Deepraj_ Baidya_Resume.pdf', 'pdf', 'somewhere', 70, '2024-05-30 12:55:24.18841', 70, '2024-05-30 12:55:24.18841', 't', 'mobile app developer', 'f', 't');
INSERT INTO "public"."Resume" ("ResumeId", "FileHash", "FileName", "FileType", "Path", "CreatedBy", "CreatedDate", "UpdatedBy", "UpdatedDate", "Status", "Category", "IsViewed", "IsActive") VALUES
(4171, 'dummyhash', '[148]-fa29504520793dbb2da9cafa1a70856719eeb3e85cacd52a5cdc6eea4c6861e1!@&Dev Singh - SDET.pdf', 'pdf', 'somewhere', 70, '2024-05-30 12:55:37.284189', 70, '2024-05-30 12:55:37.284189', 't', 'quality assurance engineer', 'f', 't');
INSERT INTO "public"."Resume" ("ResumeId", "FileHash", "FileName", "FileType", "Path", "CreatedBy", "CreatedDate", "UpdatedBy", "UpdatedDate", "Status", "Category", "IsViewed", "IsActive") VALUES
(4172, 'dummyhash', '[148]-e4b857cb8f5297b2b28baba2b4010268c994ddf940b8d6da9744419cdadb124f!@&Devang Garg-2 (1).pdf', 'pdf', 'somewhere', 70, '2024-05-30 12:56:09.883816', 70, '2024-05-30 12:56:09.883816', 't', 'team lead', 'f', 't'),
(4173, 'dummyhash', '[148]-f9d7c00108d1957965996f17556e325cdc8ce69b4aaf2b86c87b8126135e935e!@&Desam_Venkata Vyshnavi_Resume_19-09-2023-22-39-26.pdf', 'pdf', 'somewhere', 70, '2024-05-30 12:56:29.039252', 70, '2024-05-30 12:56:29.039252', 't', 'embedded systems engineer', 'f', 't'),
(4174, 'dummyhash', '[148]-059c12a31ce36ebee439368e4698dd5ff94451beb36624134e0c1ab61bb7dcc7!@&Devesh Resume.pdf', 'pdf', 'somewhere', 70, '2024-05-30 12:56:48.96062', 70, '2024-05-30 12:56:48.96062', 't', 'embedded systems engineer', 'f', 't'),
(4175, 'dummyhash', '[148]-16bdc4d811ec9095ea04466e51861fae28e36fc2af10be0ebc796631c9d82a86!@&Deepanshu_CV3.0-1.pdf', 'pdf', 'somewhere', 70, '2024-05-30 12:57:03.469095', 70, '2024-05-30 12:57:03.469095', 't', 'backend developer', 'f', 't'),
(4176, 'dummyhash', '[148]-1e9adb6e3234f9d4cd90677bc8bfdcdffdb28b39f8f394e6389b98b242cfebb5!@&DEEPIKA PANT_Resume.pdf', 'pdf', 'somewhere', 70, '2024-05-30 12:57:23.091411', 70, '2024-05-30 12:57:23.091411', 't', 'product manager', 'f', 't'),
(4177, 'dummyhash', '[148]-b6df4aac800759e41a22092bbd9d7fa2206f7536d6fd60c7de3b46bfa902c541!@&DEVWRISH_PURWAR_Resume.pdf', 'pdf', 'somewhere', 70, '2024-05-30 12:57:34.7838', 70, '2024-05-30 12:57:34.7838', 't', 'business analyst', 'f', 't'),
(4178, 'dummyhash', '[148]-8eb98fe896d6a2500d92929903d1a5aeaf6b1333eb96af27855510d79f06b4fe!@&Dheeraj pandey.docx', 'pdf', 'somewhere', 70, '2024-05-30 12:58:45.602202', 70, '2024-05-30 12:58:45.602202', 't', 'team lead', 'f', 't'),
(4179, 'dummyhash', '[148]-a312e40768d20e3fe9baff6d3e541c0e62240e3b5413f194a4733393e30e2311!@&Devansh_Flutter_Resume.pdf', 'pdf', 'somewhere', 70, '2024-05-30 12:59:08.823773', 70, '2024-05-30 12:59:08.823773', 't', 'software engineer intern', 'f', 't'),
(4180, 'dummyhash', '[148]-d7fe6566f8d0c644bd1c57037678208700d62e7382c8040e899466d1372fc3c6!@&Devesh Dubey Resume (1) (1).pdf', 'pdf', 'somewhere', 70, '2024-05-30 13:09:37.145769', 70, '2024-05-30 13:09:37.145769', 't', 'business analyst', 'f', 't'),
(4181, 'dummyhash', '[148]-fc2063d3ebc85ae67191704fa0f9f04ca73bd23f0ca871caffb7519471bc1791!@&Devika Resume_July 2023.pdf', 'pdf', 'somewhere', 70, '2024-05-30 13:09:49.000864', 70, '2024-05-30 13:09:49.000864', 't', 'embedded systems engineer', 'f', 't'),
(4182, 'dummyhash', '[148]-03f0a10a102271ec79b3d089fd44871158a9d14db43ff00f8864bce3220f676b!@&Dheeraj Verma  - Resume.pdf', 'pdf', 'somewhere', 70, '2024-05-30 13:10:01.139174', 70, '2024-05-30 13:10:01.139174', 't', 'frontend developer', 'f', 't'),
(4183, 'dummyhash', '[149]-36f7cce8903fc7aabc9e970db19b5f269eef8c5766618eefeb2bfaf72456b0a9!@&[Updated] Resume-Harsh Kumar Khatri (1).pdf', 'pdf', 'somewhere', 70, '2024-05-30 13:11:17.466892', 70, '2024-05-30 13:11:17.466892', 't', 'mobile app developer', 'f', 't'),
(4184, 'dummyhash', '[151]-36f7cce8903fc7aabc9e970db19b5f269eef8c5766618eefeb2bfaf72456b0a9!@&[Updated] Resume-Harsh Kumar Khatri (1) (1).pdf', 'pdf', 'somewhere', 70, '2024-05-30 13:13:31.580382', 70, '2024-05-30 13:13:31.580382', 't', 'mobile app developer', 'f', 't'),
(4185, 'dummyhash', '[151]-36f7cce8903fc7aabc9e970db19b5f269eef8c5766618eefeb2bfaf72456b0a9!@&[Updated] Resume-Harsh Kumar Khatri (1).pdf', 'pdf', 'somewhere', 70, '2024-05-30 13:13:58.980626', 70, '2024-05-30 13:13:58.980626', 't', 'mobile app developer', 'f', 't'),
(4186, 'dummyhash', '[152]-36f7cce8903fc7aabc9e970db19b5f269eef8c5766618eefeb2bfaf72456b0a9!@&[Updated] Resume-Harsh Kumar Khatri (1).pdf', 'pdf', 'somewhere', 70, '2024-05-30 13:15:56.048344', 70, '2024-05-30 13:15:56.048344', 't', 'mobile app developer', 'f', 't'),
(4187, 'dummyhash', '[152]-ce2ce8cc143c7b46a83ba7ccb589d1a21c6a331ab101284fea06447b10b8932b!@&21 Ankush Qualitest Resume.pdf', 'pdf', 'somewhere', 70, '2024-05-30 13:18:19.572159', 70, '2024-05-30 13:18:19.572159', 't', 'quality assurance engineer', 'f', 't'),
(4188, 'dummyhash', '[153]-36f7cce8903fc7aabc9e970db19b5f269eef8c5766618eefeb2bfaf72456b0a9!@&[Updated] Resume-Harsh Kumar Khatri (1).pdf', 'pdf', 'somewhere', 70, '2024-05-30 13:18:31.291147', 70, '2024-05-30 13:18:31.291147', 't', 'mobile app developer', 'f', 't'),
(4189, 'dummyhash', '[154]-36f7cce8903fc7aabc9e970db19b5f269eef8c5766618eefeb2bfaf72456b0a9!@&[Updated] Resume-Harsh Kumar Khatri (1).pdf', 'pdf', 'somewhere', 70, '2024-05-30 13:20:45.375547', 70, '2024-05-30 13:20:45.375547', 't', 'mobile app developer', 'f', 't'),
(4190, 'dummyhash', '[158]-36f7cce8903fc7aabc9e970db19b5f269eef8c5766618eefeb2bfaf72456b0a9!@&[Updated] Resume-Harsh Kumar Khatri (1).pdf', 'pdf', 'somewhere', 70, '2024-05-30 13:28:05.886666', 70, '2024-05-30 13:28:05.886666', 't', 'mobile app developer', 'f', 't'),
(4191, 'dummyhash', '[160]-36f7cce8903fc7aabc9e970db19b5f269eef8c5766618eefeb2bfaf72456b0a9!@&[Updated] Resume-Harsh Kumar Khatri (1) (1).pdf', 'pdf', 'somewhere', 70, '2024-05-31 07:27:04.831419', 70, '2024-05-31 07:27:04.831419', 't', 'mobile app developer', 'f', 't'),
(4192, 'dummyhash', '[161]-36f7cce8903fc7aabc9e970db19b5f269eef8c5766618eefeb2bfaf72456b0a9!@&[Updated] Resume-Harsh Kumar Khatri (1) (1).pdf', 'pdf', 'somewhere', 70, '2024-05-31 07:29:06.29804', 70, '2024-05-31 07:29:06.29804', 't', 'mobile app developer', 'f', 't'),
(4193, 'dummyhash', '[161]-36f7cce8903fc7aabc9e970db19b5f269eef8c5766618eefeb2bfaf72456b0a9!@&[Updated] Resume-Harsh Kumar Khatri (1).pdf', 'pdf', 'somewhere', 70, '2024-05-31 07:29:21.349979', 70, '2024-05-31 07:29:21.349979', 't', 'mobile app developer', 'f', 't');

INSERT INTO "public"."ResumeFolder" ("Id", "Name", "Role", "Skills", "IsActive", "CreatedAt", "CreatedBy", "SharedWith", "ParentFolder") VALUES
(23, 'New Pos', NULL, 'Skill1, Skill2, Skill3', 't', '2024-05-15 10:30:37.198976', NULL, '{}', '');
INSERT INTO "public"."ResumeFolder" ("Id", "Name", "Role", "Skills", "IsActive", "CreatedAt", "CreatedBy", "SharedWith", "ParentFolder") VALUES
(24, 'New Pos', NULL, 'Skill1, Skill2, Skill3', 't', '2024-05-15 10:55:07.439843', NULL, '{}', '');
INSERT INTO "public"."ResumeFolder" ("Id", "Name", "Role", "Skills", "IsActive", "CreatedAt", "CreatedBy", "SharedWith", "ParentFolder") VALUES
(25, 'New Pos', NULL, 'Skill1, Skill2, Skill3', 't', '2024-05-15 10:55:54.778395', NULL, '{}', '');
INSERT INTO "public"."ResumeFolder" ("Id", "Name", "Role", "Skills", "IsActive", "CreatedAt", "CreatedBy", "SharedWith", "ParentFolder") VALUES
(26, 'New Pos', NULL, 'Skill1, Skill2, Skill3', 't', '2024-05-15 10:56:21.452743', NULL, '{}', ''),
(27, 'New Pos', NULL, 'Skill1, Skill2, Skill3', 't', '2024-05-15 11:03:25.958679', NULL, '{}', ''),
(28, 'New Pos1', NULL, 'Skill1, Skill2, Skill3', 't', '2024-05-15 11:12:57.512566', NULL, '{}', ''),
(29, 'New Pos3', NULL, 'Skill1, Skill2, Skill3', 't', '2024-05-15 11:14:28.383933', NULL, '{}', ''),
(30, 'New Pos4', NULL, 'Skill1, Skill2, Skill3', 't', '2024-05-15 11:15:31.664759', NULL, '{}', ''),
(31, 'New Pos4', NULL, 'Skill1, Skill2, Skill3', 't', '2024-05-15 11:18:28.98068', NULL, '{}', 'Management & Administration'),
(32, 'New Pos', NULL, 'Skill1, Skill2, Skill3', 't', '2024-05-15 12:33:24.79724', NULL, '{}', ''),
(33, 'New Pos', NULL, 'Skill1, Skill2, Skill3', 't', '2024-05-15 12:34:41.416841', NULL, '{}', ''),
(34, 'New Pos', NULL, 'Skill1, Skill2, Skill3', 't', '2024-05-15 13:44:14.717028', NULL, '{}', ''),
(35, 'New Pos', NULL, 'Skill1, Skill2, Skill3', 't', '2024-05-15 16:13:03.871213', NULL, '{}', ''),
(36, 'New Pos', NULL, 'Skill1, Skill2, Skill3', 't', '2024-05-15 16:13:09.893558', NULL, '{}', ''),
(37, 'New Pos', NULL, 'Skill1, Skill2, Skill3', 't', '2024-05-15 16:13:18.46664', NULL, '{}', ''),
(38, 'New Pos', NULL, 'Skill1, Skill2, Skill3', 't', '2024-05-15 16:13:20.190102', NULL, '{}', ''),
(39, 'New Pos', NULL, 'Skill1, Skill2, Skill3', 't', '2024-05-15 16:16:56.197406', NULL, '{}', ''),
(40, 'New Pos', NULL, 'Skill1, Skill2, Skill3', 't', '2024-05-15 16:16:57.041413', NULL, '{}', ''),
(41, 'New Pos', NULL, 'Skill1, Skill2, Skill3', 't', '2024-05-15 16:19:53.925174', NULL, '{}', ''),
(42, 'New Pos', NULL, 'Skill1, Skill2, Skill3', 't', '2024-05-15 17:56:50.293535', NULL, '{}', ''),
(43, 'New Pos', NULL, 'Skill1, Skill2, Skill3', 't', '2024-05-15 17:57:36.034434', NULL, '{}', ''),
(44, 'New Pos', NULL, 'Skill1, Skill2, Skill3', 't', '2024-05-16 02:09:07.027825', NULL, '{}', ''),
(45, 'New Pos', NULL, 'Skill1, Skill2, Skill3', 't', '2024-05-16 02:09:51.993615', NULL, '{}', ''),
(46, 'New Pos', NULL, 'Skill1, Skill2, Skill3', 't', '2024-05-16 02:09:52.970852', NULL, '{}', ''),
(47, 'New Pos', NULL, 'Skill1, Skill2, Skill3', 't', '2024-05-16 02:09:53.185408', NULL, '{}', ''),
(48, 'New Pos', NULL, 'Skill1, Skill2, Skill3', 't', '2024-05-16 02:09:53.425614', NULL, '{}', ''),
(49, 'New Pos', NULL, 'Skill1, Skill2, Skill3', 't', '2024-05-16 02:09:54.227824', NULL, '{}', ''),
(50, 'New Pos', NULL, 'Skill1, Skill2, Skill3', 't', '2024-05-16 02:09:54.69289', NULL, '{}', ''),
(51, 'New Pos', NULL, 'Skill1, Skill2, Skill3', 't', '2024-05-16 02:09:54.907071', NULL, '{}', ''),
(52, 'New Pos4', NULL, 'Skill1, Skill2, Skill3', 't', '2024-05-16 04:34:53.675424', NULL, '{}', 'Management & Administration'),
(53, 'New Pos', NULL, 'Skill1, Skill2, Skill3', 't', '2024-05-16 11:00:32.700201', NULL, '{}', ''),
(54, 'newfolder', NULL, 'java,python,mam', 't', '2024-05-16 11:18:01.704421', NULL, '{}', ''),
(55, 'newe', NULL, 'java,mnsdsa', 't', '2024-05-16 11:18:13.670714', NULL, '{}', ''),
(56, 'new', NULL, 'hagd,hdgsd', 't', '2024-05-16 11:18:55.272469', NULL, '{}', ''),
(57, 'sdcsdcsdcsdc', NULL, 'sdcsdcscscs', 't', '2024-05-16 11:35:51.892413', NULL, '{}', ''),
(58, 'dddddddddddddddddd', NULL, 'dddddddddddddddddddddd', 't', '2024-05-16 11:43:43.831713', NULL, '{}', ''),
(59, 'zzx z ', NULL, 'zx xz xz z', 't', '2024-05-16 11:45:31.272169', NULL, '{}', ''),
(60, 'newfolder', NULL, ',mndd', 't', '2024-05-16 13:08:23.801048', NULL, '{}', ''),
(61, 'new', NULL, ',dned,q', 't', '2024-05-16 13:12:49.932699', NULL, '{}', ''),
(62, 'new folder ', NULL, 'java, python', 't', '2024-05-16 13:13:57.526697', NULL, '{}', ''),
(63, 'new check', NULL, 'adads', 't', '2024-05-16 13:14:12.021166', NULL, '{}', 'newfolder'),
(64, 'new check', NULL, 'xaasca', 't', '2024-05-16 13:14:31.342282', NULL, '{}', 'new folder '),
(65, 'newjnde', NULL, 'smdqbdqj', 't', '2024-05-16 13:16:05.432996', NULL, '{}', ''),
(66, 'new folder', NULL, 'java,python', 't', '2024-05-16 13:17:34.46204', NULL, '{}', 'Software Development & Engineering'),
(67, 'check folder', NULL, 'sadada', 't', '2024-05-16 13:18:02.036112', NULL, '{}', ''),
(68, 'New Pos', NULL, 'Skill1, Skill2, Skill3', 't', '2024-05-16 13:18:55.175684', NULL, '{}', ''),
(69, 'efew', NULL, 'dsfsdsfsvf', 't', '2024-05-16 13:19:05.243303', NULL, '{}', ''),
(70, 'dczxczzxczzx', NULL, 'SXXZXX', 't', '2024-05-16 13:19:14.202216', NULL, '{}', ''),
(71, 'efewdeqde', NULL, 'dfsffwrgetg', 't', '2024-05-16 13:19:42.036721', NULL, '{}', ''),
(72, 'xczczxczxczx', NULL, 'cxzcxzczx', 't', '2024-05-16 13:19:57.771023', NULL, '{}', 'check folder'),
(73, 'jdbjhemn', NULL, 'askdbne', 't', '2024-05-16 13:23:04.778269', NULL, '{}', ''),
(74, ' ndhbdhcdb', NULL, 'jkdnmbe', 't', '2024-05-16 13:24:28.118489', NULL, '{}', ''),
(75, 'new folder', NULL, 'wow', 't', '2024-05-16 13:25:54.297086', NULL, '{}', ''),
(76, 'saascaxascsa', NULL, 'acacasc', 't', '2024-05-16 13:29:36.250281', NULL, '{}', ''),
(77, 'wow folder', NULL, 'check, my', 't', '2024-05-16 13:29:56.993438', NULL, '{}', 'new folder'),
(78, 'Test Folder', NULL, 'React, Java ,Html', 't', '2024-05-16 15:49:30.594791', NULL, '{}', 'new folder'),
(79, 'jkdnq', NULL, ',mcnsam, c', 't', '2024-05-16 18:10:55.402841', NULL, '{}', ''),
(80, ',naf', NULL, 'alkdnef', 't', '2024-05-16 18:11:09.192773', NULL, '{}', ''),
(81, 'new folder', NULL, 'skills', 't', '2024-05-17 02:30:58.92456', NULL, '{}', ''),
(82, 'New Test', NULL, 'java , react
', 't', '2024-05-17 04:17:48.588329', NULL, '{}', ''),
(83, 'Cat1 ', NULL, 'react, python
', 't', '2024-05-17 04:18:18.29247', NULL, '{}', 'New Test'),
(84, 'Python and Java', NULL, 'java,python', 't', '2024-05-17 06:10:14.067965', NULL, '{}', ''),
(85, 'Java', NULL, 'java', 't', '2024-05-17 06:12:58.275284', NULL, '{}', 'Python and Java'),
(86, 'new folder', NULL, 'java', 't', '2024-05-17 09:08:16.6056', NULL, '{}', ''),
(87, 'java', NULL, 'java', 't', '2024-05-17 09:08:56.583654', NULL, '{}', 'new folder'),
(88, 'Software Developer', NULL, 'Java, JavaScript, html , VueJS
', 't', '2024-05-17 11:19:35.891192', NULL, '{}', ''),
(89, 'Test1', NULL, 'Test1, 
', 't', '2024-05-19 16:33:30.312675', NULL, '{}', 'new folder'),
(90, 'Test 2', NULL, 'Test 2
', 't', '2024-05-19 17:36:44.659302', NULL, '{}', 'new folder'),
(91, 'Test 3', NULL, 'Test 3
', 't', '2024-05-19 17:37:03.07137', NULL, '{}', 'new folder'),
(92, 'Test 5', NULL, 'Test 5
', 't', '2024-05-19 17:37:21.788715', NULL, '{}', 'new folder'),
(93, 'New folder ', NULL, 'java,python,html
', 't', '2024-05-20 06:41:15.199216', NULL, '{}', ''),
(94, 'adafdaafdadasda', NULL, 'adadasddddddddddddddddddddddddddddddddddd', 't', '2024-05-20 07:02:05.039973', NULL, '{}', ''),
(95, 'sdddddddddddddddddddddddddddddddddd', NULL, 'ddffffffffffffffffffffffffffff', 't', '2024-05-20 07:02:42.362866', NULL, '{}', ''),
(96, 'role', NULL, ',mdf sd.mklmew', 't', '2024-05-20 10:19:39.168365', NULL, '{}', ''),
(97, 'new', NULL, 's,mdas dmd', 't', '2024-05-20 10:40:30.025989', NULL, '{}', ''),
(98, 'new1', NULL, ',fde,nee,fqE,MF Q', 't', '2024-05-20 10:40:49.612676', NULL, '{}', ''),
(99, 'SURFYA', NULL, 'S', 't', '2024-05-20 10:41:21.228578', NULL, '{}', ''),
(100, 'YASGSKJDWQ', NULL, 'AS,DNadjd,nmsa', 't', '2024-05-20 10:42:22.683314', NULL, '{}', ''),
(101, 'Angular Developer', NULL, 'angular', 't', '2024-05-21 08:19:12.726249', NULL, '{}', 'Software Development & Engineering'),
(102, 'UI Path Developers', NULL, 'Software testing, Manual testing , UI path
', 't', '2024-05-26 08:46:28.698217', NULL, '{}', 'Software Development & Engineering'),
(103, 'UI Path Developer', NULL, 'UI Path , testing , manual tesing, Automation testing
', 't', '2024-05-26 19:02:41.380802', NULL, '{}', ''),
(104, 'QA engineer', NULL, 'UI Path , Automation testing
', 't', '2024-05-26 19:03:03.598787', NULL, '{}', 'UI Path Developer'),
(105, 'QA engineer ', NULL, 'No skill
', 't', '2024-05-26 19:03:08.515189', NULL, '{}', 'Quality Assurance & Testing'),
(106, 'Test folder', NULL, 'Random Skill
', 't', '2024-05-26 19:07:59.982228', NULL, '{}', 'Software Development & Engineering'),
(107, 'Test 2 folder', NULL, 'Test 2
', 't', '2024-05-26 19:10:36.833757', NULL, '{}', ''),
(108, 'Fresher', NULL, 'fresher
', 't', '2024-05-26 19:11:10.208605', NULL, '{}', 'Test 2 folder'),
(109, 'Test 3', NULL, 'Qwerty
', 't', '2024-05-26 19:11:40.716833', NULL, '{}', 'Test 2 folder'),
(110, 'Test 4', NULL, 'Testing where folder are going
', 't', '2024-05-27 05:36:10.53149', NULL, '{}', 'Software Development & Engineering'),
(111, 'Testing 5', NULL, 'Testing again', 't', '2024-05-27 06:30:20.683244', NULL, '{}', 'Business & Consulting'),
(112, 'UI Path Developer', NULL, 'UI path, testing, Automated testing', 't', '2024-05-28 05:56:00.870271', NULL, '{}', 'UI Path Developer'),
(113, 'check', NULL, 'check', 't', '2024-05-30 04:18:28.0729', NULL, '{}', ''),
(114, 'check1', NULL, 'check2', 't', '2024-05-30 04:19:36.975669', NULL, '{}', ''),
(115, 'interior designer ', NULL, 'skill 1, skill 2', 't', '2024-05-30 04:35:07.793742', NULL, '{}', ''),
(116, 'frontend developer', NULL, 'skill 1, skill 2, skill 3', 't', '2024-05-30 04:48:36.999408', NULL, '{}', 'Software Development & Engineering'),
(117, 'Creative & Design ', NULL, 'Skill 1, skill 2', 't', '2024-05-30 04:49:41.670567', NULL, '{}', 'Business & Consulting'),
(118, 'creeaafafklnmvdvavav,svvsffsfs', NULL, 'sdsdfsdfsdfsafsdfa', 't', '2024-05-30 04:53:36.459306', NULL, '{}', 'Business & Consulting');

INSERT INTO "public"."Role" ("Id", "Title", "Description", "CreatedBy", "CreatedDate", "UpdatedBy", "UpdatedDate") VALUES
(1, 'Example Role', 'This is an example role description.', 1, '2024-04-08 06:55:30.428789', NULL, '2024-04-08 06:55:30.428789');




INSERT INTO "public"."SavedFilter" ("id", "title", "content", "createdby", "createdat") VALUES
(1, 'checktitle', 'checkcontent', 1, NULL);


INSERT INTO "public"."Skill" ("Id", "ResumeId", "SkillName") VALUES
(91203, 4152, 'Testing');
INSERT INTO "public"."Skill" ("Id", "ResumeId", "SkillName") VALUES
(91204, 4152, 'Java');
INSERT INTO "public"."Skill" ("Id", "ResumeId", "SkillName") VALUES
(91205, 4152, 'Marketing');
INSERT INTO "public"."Skill" ("Id", "ResumeId", "SkillName") VALUES
(91206, 4152, 'Management'),
(91207, 4152, 'Android studio'),
(91208, 4152, 'Product management'),
(91209, 4152, 'Aws'),
(91210, 4152, 'Technology'),
(91211, 4152, 'Java'),
(91212, 4152, 'Devops-'),
(91213, 4152, 'Kotlin'),
(91214, 4152, 'Science'),
(91215, 4152, 'Kotlin'),
(91216, 4152, 'Management'),
(91217, 4152, 'Jira'),
(91218, 4152, 'Analyst'),
(91219, 4152, 'Technology'),
(91220, 4152, 'Jira'),
(91221, 4152, 'Communication'),
(91222, 4152, 'Marketing'),
(91223, 4152, 'Powerpoint'),
(91224, 4152, 'project'),
(91225, 4152, 'coordinator'),
(91226, 4153, 'Java'),
(90009, 4106, 'Html'),
(90010, 4106, 'Css'),
(90011, 4106, 'Javascript'),
(90012, 4106, 'Js'),
(90013, 4106, 'Javascript'),
(90014, 4106, 'Xhtml'),
(90015, 4106, 'Html'),
(90016, 4106, 'Python'),
(90017, 4106, 'Css'),
(90018, 4106, 'Software'),
(90019, 4106, 'Java'),
(90020, 4106, 'Python'),
(90021, 4106, 'Java'),
(90022, 4106, 'frontend'),
(90023, 4106, 'developer'),
(91227, 4153, 'Software'),
(91228, 4153, 'Management'),
(91229, 4153, 'C++'),
(91230, 4153, 'Ui'),
(91231, 4153, 'C++'),
(91232, 4153, 'Flutter'),
(91233, 4153, 'Node.js'),
(91234, 4153, 'Firebase'),
(91235, 4153, 'Debugging'),
(91236, 4153, 'Flutter'),
(91237, 4153, 'Apis'),
(91238, 4153, 'Management'),
(91239, 4153, 'Ui'),
(91240, 4153, 'Management'),
(91241, 4153, 'C programming'),
(91242, 4153, 'Android app developer'),
(91243, 4153, 'Firebase'),
(91244, 4153, 'Problemsolving'),
(91245, 4153, 'Node.js'),
(91246, 4153, 'Javascript'),
(91247, 4153, 'Apis'),
(91248, 4153, 'mobile'),
(91249, 4153, 'app'),
(91250, 4153, 'developer'),
(91384, 4158, 'Apis'),
(91385, 4158, 'React'),
(91386, 4158, 'Jquery'),
(91387, 4158, 'Javascript'),
(91388, 4158, 'C programming'),
(91389, 4158, 'Mongoose'),
(91390, 4158, 'Jquery'),
(91391, 4158, 'Frontend'),
(90056, 4108, 'Testing'),
(90057, 4108, 'Analyst'),
(90058, 4108, 'Management'),
(90059, 4108, 'Software'),
(90060, 4108, 'Business analyst'),
(90061, 4108, 'Management'),
(90062, 4108, 'Technology'),
(90063, 4108, 'Product management'),
(90064, 4108, 'Testing'),
(90065, 4108, 'Analyst'),
(90066, 4108, 'Software'),
(90067, 4108, 'Management'),
(90068, 4108, 'business'),
(90069, 4108, 'analyst'),
(90070, 4109, 'Html'),
(90071, 4109, 'Css'),
(90072, 4109, 'Software'),
(90073, 4109, 'Debugging'),
(90074, 4109, 'Teamwork'),
(90075, 4109, 'Javascript'),
(90076, 4109, 'C programming'),
(90077, 4109, 'Xhtml'),
(90078, 4109, 'Html'),
(90079, 4109, 'Python'),
(90080, 4109, 'Css'),
(90081, 4109, 'Technology'),
(90082, 4109, 'Python'),
(90083, 4109, 'C++'),
(90084, 4109, 'frontend'),
(90085, 4109, 'developer'),
(90086, 4110, 'Dart'),
(90087, 4110, 'Javascript'),
(90088, 4110, 'Xhtml'),
(90089, 4110, 'Css'),
(90090, 4110, 'Python'),
(90091, 4110, 'Flutter'),
(90092, 4110, 'Firebase'),
(90093, 4110, 'Science'),
(90094, 4110, 'Flutter'),
(90095, 4110, 'Api integration'),
(90096, 4110, 'Javascript'),
(90097, 4110, 'C programming'),
(90098, 4110, 'Dart'),
(90099, 4110, 'Firebase'),
(90100, 4110, 'Technology'),
(90101, 4110, 'Css'),
(90102, 4110, 'Html'),
(90103, 4110, 'Python'),
(90104, 4110, 'Apis'),
(90105, 4110, 'Html'),
(90106, 4110, 'mobile'),
(90107, 4110, 'app'),
(90108, 4110, 'developer'),
(90109, 4111, 'Ui'),
(90110, 4111, 'Js'),
(90111, 4111, 'Photoshop'),
(90112, 4111, 'React'),
(90113, 4111, 'Ui'),
(90114, 4111, 'Javascript'),
(90115, 4111, 'Xhtml'),
(90116, 4111, 'Bootstrap'),
(90117, 4111, 'Jquery'),
(90118, 4111, 'Html'),
(90119, 4111, 'Css3'),
(90120, 4111, 'Js'),
(90121, 4111, 'React.js'),
(90122, 4111, 'Css'),
(90123, 4111, 'Software'),
(90124, 4111, 'Communication'),
(90125, 4111, 'Html'),
(90126, 4111, 'frontend'),
(90127, 4111, 'developer'),
(90128, 4112, 'Ui'),
(90129, 4112, 'Testing'),
(90130, 4112, 'Marketing'),
(91392, 4158, 'Photoshop'),
(91393, 4158, 'Express'),
(91394, 4158, 'React native'),
(91395, 4158, 'Backend'),
(91396, 4158, 'Mongodb'),
(91397, 4158, 'Photoshop'),
(91398, 4158, 'Css'),
(91399, 4158, 'React'),
(91400, 4158, 'Material ui'),
(91401, 4158, 'Node.js'),
(91402, 4158, 'Nodejs'),
(91403, 4158, 'Html'),
(91404, 4158, 'Backend'),
(91405, 4158, 'Javascript'),
(91406, 4158, 'Apis'),
(91407, 4158, 'backend'),
(91408, 4158, 'developer'),
(91409, 4159, 'Node'),
(91410, 4159, 'Mongodb'),
(91411, 4159, 'Javascript'),
(91412, 4159, 'Software'),
(91413, 4159, 'Xhtml'),
(90131, 4112, 'Apis'),
(90132, 4112, 'Analyst'),
(90133, 4112, 'Marketing'),
(90134, 4112, 'Management'),
(90135, 4112, 'Marketing'),
(90136, 4112, 'Product management'),
(90137, 4112, 'Technology'),
(90138, 4112, 'Web analytics'),
(90139, 4112, 'Firebase'),
(90140, 4112, 'Analyst'),
(90141, 4112, 'Technology'),
(90142, 4112, 'Management'),
(90143, 4112, 'Communication'),
(90144, 4112, 'Mongodb'),
(90145, 4112, 'product'),
(90146, 4112, 'manager'),
(90147, 4113, 'Getx'),
(90148, 4113, 'Testing'),
(90149, 4113, 'Java'),
(90150, 4113, 'Xhtml'),
(90151, 4113, 'Management'),
(90152, 4113, 'Time management'),
(90153, 4113, 'Css'),
(90154, 4113, 'Technology'),
(90155, 4113, 'Flutter'),
(90156, 4113, 'Git'),
(90157, 4113, 'Firebase'),
(90158, 4113, 'Latex'),
(90159, 4113, 'Debugging'),
(90160, 4113, 'Expressjs'),
(90161, 4113, 'Software'),
(90162, 4113, 'Management'),
(90163, 4113, 'Git lab'),
(90164, 4113, 'Express'),
(90165, 4113, 'Getx'),
(90166, 4113, 'Communication'),
(90167, 4113, 'Backend'),
(90168, 4113, 'Apis'),
(90169, 4113, 'Html'),
(90170, 4113, 'mobile'),
(90171, 4113, 'app'),
(90172, 4113, 'developer'),
(90173, 4114, 'Testing'),
(90174, 4114, 'Java'),
(90175, 4114, 'Management'),
(90176, 4114, 'Sql'),
(90177, 4114, 'Testing'),
(90178, 4114, 'Technology'),
(90179, 4114, 'Postman'),
(90180, 4114, 'Java'),
(90181, 4114, 'Manual testing'),
(90182, 4114, 'Ui'),
(90183, 4114, 'Git'),
(90184, 4114, 'Postman'),
(90185, 4114, 'Science'),
(90186, 4114, 'Software'),
(90187, 4114, 'Management'),
(90188, 4114, 'Jira'),
(90189, 4114, 'Selenium'),
(90190, 4114, 'Oops'),
(90191, 4114, 'Jira'),
(90192, 4114, 'Communication'),
(90193, 4114, 'Java'),
(90194, 4114, 'Oops'),
(90195, 4114, 'Selenium'),
(90196, 4114, 'Rest api'),
(90197, 4114, 'Postman'),
(90198, 4114, 'Bug tracking'),
(90199, 4114, 'Sql'),
(90200, 4114, 'Regression testing'),
(90201, 4114, 'quality'),
(90202, 4114, 'assurance'),
(90203, 4114, 'engineer'),
(90204, 4115, 'Testing'),
(90205, 4115, 'Software'),
(90206, 4115, 'Management'),
(90207, 4115, 'Testing'),
(90208, 4115, 'Manual testing'),
(90209, 4115, '-software'),
(90210, 4115, 'Mentoring'),
(90211, 4115, 'Debugging'),
(90212, 4115, 'Science'),
(90213, 4115, 'Software'),
(90214, 4115, 'Jira'),
(90215, 4115, 'Management'),
(90216, 4115, 'Communication'),
(90217, 4115, 'Selenium'),
(90218, 4115, 'Team player'),
(90219, 4115, 'Mentoring'),
(90220, 4115, 'Technology'),
(90221, 4115, 'Jira'),
(90222, 4115, 'Communication'),
(90223, 4115, 'Nodejs'),
(90224, 4115, 'Communication'),
(90225, 4115, 'product'),
(90226, 4115, 'manager'),
(90227, 4116, 'Testing'),
(90228, 4116, 'Mongodb'),
(90229, 4116, 'Javascript'),
(90230, 4116, 'Software'),
(90231, 4116, 'Xhtml'),
(90232, 4116, 'Management'),
(90233, 4116, 'Php'),
(90234, 4116, 'Time management'),
(90235, 4116, 'Php'),
(90236, 4116, 'Css'),
(90237, 4116, 'Technology'),
(90238, 4116, 'Python'),
(90239, 4116, 'Ui'),
(90240, 4116, 'Figma'),
(90241, 4116, 'Jquery'),
(90242, 4116, 'Django'),
(90243, 4116, 'Node.js'),
(90244, 4116, 'Bootstrap'),
(90245, 4116, 'Figma'),
(90246, 4116, 'React.js'),
(90247, 4116, 'Firebase'),
(90248, 4116, 'Debugging'),
(90249, 4116, 'Management'),
(90250, 4116, 'Jquery'),
(90251, 4116, 'Mysql'),
(90252, 4116, 'Javascript'),
(90253, 4116, 'Xml'),
(90254, 4116, 'Jquery'),
(90255, 4116, 'Team player'),
(90256, 4116, 'Photoshop'),
(90257, 4116, 'Firebase'),
(90258, 4116, 'Angular'),
(90259, 4116, 'Technology'),
(90260, 4116, 'Communication'),
(90261, 4116, 'Mongodb'),
(90262, 4116, 'Science'),
(90263, 4116, 'Css'),
(90264, 4116, 'Photoshop'),
(90265, 4116, 'Mysql'),
(90266, 4116, 'Node.js'),
(90267, 4116, 'Bootstrap'),
(90268, 4116, 'Nodejs'),
(90269, 4116, 'Html'),
(90270, 4116, 'Js'),
(90271, 4116, 'Sql'),
(90272, 4116, 'Django'),
(90273, 4116, 'Javascript'),
(90274, 4116, 'Python'),
(90275, 4116, 'Html'),
(90276, 4116, 'frontend'),
(90277, 4116, 'developer'),
(90278, 4117, 'Photoshop'),
(90279, 4117, 'C++'),
(90280, 4117, 'Flutter'),
(90281, 4117, 'Javascript'),
(90282, 4117, 'Javascript'),
(90283, 4117, 'Communication'),
(90284, 4117, 'Software'),
(90285, 4117, 'Marketing'),
(90286, 4117, 'Management'),
(90287, 4117, 'Marketing'),
(90288, 4117, 'Python'),
(90289, 4117, 'Flutter'),
(90290, 4117, 'Python'),
(90291, 4117, 'Backend'),
(90292, 4117, 'C++'),
(90293, 4117, 'mobile');
INSERT INTO "public"."Skill" ("Id", "ResumeId", "SkillName") VALUES
(90294, 4117, 'app'),
(90295, 4117, 'developer'),
(90296, 4118, 'Getx'),
(90297, 4118, 'Node'),
(90298, 4118, 'Dart'),
(90299, 4118, 'Management'),
(90300, 4118, 'Aws'),
(90301, 4118, 'Git'),
(90302, 4118, 'Ui'),
(90303, 4118, 'Flutter'),
(90304, 4118, 'Node.js'),
(90305, 4118, 'Socket.io'),
(90306, 4118, 'Mongodb'),
(90307, 4118, 'Firebase'),
(90308, 4118, 'Xml'),
(90309, 4118, 'Debugging'),
(90310, 4118, 'Kotlin'),
(90311, 4118, 'Expressjs'),
(90312, 4118, 'Getx'),
(90313, 4118, 'Flutter'),
(90314, 4118, 'Kotlin'),
(90315, 4118, 'Ui'),
(90316, 4118, 'Api integration'),
(90317, 4118, 'Xml'),
(90318, 4118, 'C programming'),
(90319, 4118, 'Express'),
(90320, 4118, 'Firebase'),
(90321, 4118, 'Technology'),
(90322, 4118, 'Backend'),
(90323, 4118, 'Science'),
(90324, 4118, 'Nodejs'),
(90325, 4118, 'Backend'),
(90326, 4118, 'Js'),
(90327, 4118, 'mobile'),
(90328, 4118, 'app'),
(90329, 4118, 'developer'),
(90330, 4119, 'Ui'),
(90331, 4119, 'Testing'),
(90332, 4119, 'Jira'),
(90333, 4119, 'Java'),
(90334, 4119, 'Typescript'),
(90335, 4119, 'Javascript'),
(90336, 4119, 'Selenium'),
(90337, 4119, 'Javascript'),
(90338, 4119, 'Software'),
(90339, 4119, 'Selenium'),
(90340, 4119, 'Management'),
(90341, 4119, 'Postman'),
(90342, 4119, 'Testing'),
(90343, 4119, 'Java'),
(90344, 4119, 'Manual testing'),
(90345, 4119, 'Communication'),
(90346, 4119, 'Typescript'),
(90347, 4119, 'quality'),
(90348, 4119, 'assurance'),
(90349, 4119, 'engineer'),
(90350, 4120, 'Flutter'),
(90351, 4120, 'Flutter'),
(90352, 4120, 'Java'),
(90353, 4120, 'Js'),
(90354, 4120, 'Jira'),
(90355, 4120, 'Rest api'),
(90356, 4120, 'Git'),
(90357, 4120, 'Node'),
(90358, 4120, 'Firebase'),
(90359, 4120, 'Js'),
(90360, 4120, 'Management'),
(90361, 4120, 'Nodejs'),
(90362, 4120, 'Python'),
(90363, 4120, 'Firebase'),
(90364, 4120, 'Technology'),
(90365, 4120, 'Software'),
(90366, 4120, 'Python'),
(90367, 4120, 'Node'),
(90368, 4120, 'mobile'),
(90369, 4120, 'app'),
(90370, 4120, 'developer'),
(90371, 4121, 'Getx'),
(90372, 4121, 'Testing'),
(90373, 4121, 'Java'),
(90374, 4121, 'Postgresql'),
(90375, 4121, 'Dart'),
(90376, 4121, 'Xhtml'),
(90377, 4121, 'Management'),
(90378, 4121, 'Php'),
(90379, 4121, 'Time management'),
(90380, 4121, 'Php'),
(90381, 4121, 'Testing'),
(90382, 4121, 'Css'),
(90383, 4121, 'Git'),
(90384, 4121, 'Java'),
(90385, 4121, 'Ui'),
(90386, 4121, 'Jquery'),
(90387, 4121, 'Figma'),
(90388, 4121, 'Flutter'),
(90389, 4121, 'Node.js'),
(90390, 4121, 'Bootstrap'),
(90391, 4121, 'Git'),
(90392, 4121, 'React.js'),
(90393, 4121, 'Firebase'),
(90394, 4121, 'Postgresql'),
(90395, 4121, 'Debugging'),
(90396, 4121, 'Kotlin'),
(90397, 4121, 'Science'),
(90398, 4121, 'Expressjs'),
(90399, 4121, 'Kotlin'),
(90400, 4121, 'Flutter'),
(90401, 4121, 'Management'),
(90402, 4121, 'Jquery'),
(90403, 4121, 'Debugging'),
(90404, 4121, 'Xml'),
(90405, 4121, 'Api integration'),
(90406, 4121, 'C programming'),
(90407, 4121, 'Git'),
(90408, 4121, 'Swift'),
(90409, 4121, 'Android app developer'),
(90410, 4121, 'Dart'),
(90411, 4121, 'Firebase'),
(90412, 4121, 'Technology'),
(90413, 4121, 'Analyst'),
(90414, 4121, 'Backend'),
(90415, 4121, 'Communication'),
(90416, 4121, 'Science'),
(90417, 4121, 'Css'),
(90418, 4121, 'Node.js'),
(90419, 4121, 'Rest api'),
(90420, 4121, 'Bootstrap'),
(90421, 4121, 'Html'),
(90422, 4121, 'Sql'),
(90423, 4121, 'Nodejs'),
(90424, 4121, 'Express'),
(90425, 4121, 'Html');
INSERT INTO "public"."Skill" ("Id", "ResumeId", "SkillName") VALUES
(90426, 4121, 'software');
INSERT INTO "public"."Skill" ("Id", "ResumeId", "SkillName") VALUES
(90427, 4121, 'engineer');
INSERT INTO "public"."Skill" ("Id", "ResumeId", "SkillName") VALUES
(90428, 4121, 'intern'),
(90429, 4122, 'Technology'),
(90430, 4122, 'Js'),
(90431, 4122, 'Node'),
(90432, 4122, 'Javascript'),
(90433, 4122, 'Xhtml'),
(90434, 4122, 'Management'),
(90435, 4122, 'Science'),
(90436, 4122, 'Js'),
(90437, 4122, 'Css'),
(90438, 4122, 'Full stack developer'),
(90439, 4122, 'Ui'),
(90440, 4122, 'React.js'),
(90441, 4122, 'Node'),
(90442, 4122, 'Html'),
(90443, 4122, 'Frontend'),
(90444, 4122, 'Expressjs'),
(90445, 4122, 'React'),
(90446, 4122, 'Ui'),
(90447, 4122, 'C programming'),
(90448, 4122, 'Frontend'),
(90449, 4122, 'Express'),
(90450, 4122, 'Technology'),
(90451, 4122, 'Backend'),
(90452, 4122, 'Mongodb'),
(90453, 4122, 'Css'),
(90454, 4122, 'Mui'),
(90455, 4122, 'React'),
(90456, 4122, 'Rest api'),
(90457, 4122, 'Bootstrap'),
(90458, 4122, 'Nodejs'),
(90459, 4122, 'Html'),
(90460, 4122, 'Js'),
(90461, 4122, 'Ux designer'),
(90462, 4122, 'Express'),
(90463, 4122, 'Html'),
(90464, 4122, 'frontend'),
(90465, 4122, 'developer'),
(90466, 4123, 'Html'),
(90467, 4123, 'C++'),
(90468, 4123, 'Flutter'),
(90469, 4123, 'Mysql'),
(90470, 4123, 'Java'),
(90471, 4123, 'Dart'),
(90472, 4123, 'C programming'),
(90473, 4123, 'Xhtml'),
(90474, 4123, 'Git'),
(90475, 4123, 'Android studio'),
(90476, 4123, 'Firebase'),
(90477, 4123, 'Php'),
(90478, 4123, 'Oops'),
(90479, 4123, 'Php'),
(90480, 4123, 'Technology'),
(90481, 4123, 'Flutter'),
(90482, 4123, 'C++'),
(90483, 4123, 'mobile'),
(90484, 4123, 'app'),
(90485, 4123, 'developer'),
(90486, 4124, 'Science'),
(90487, 4124, 'Figma'),
(90488, 4124, 'Software'),
(90489, 4124, 'Testing'),
(90490, 4124, 'Sql'),
(90491, 4124, 'Science'),
(90492, 4124, 'Management'),
(90493, 4124, 'Jira'),
(90494, 4124, 'product'),
(90495, 4124, 'manager'),
(90496, 4125, 'Js'),
(90497, 4125, 'Testing'),
(90498, 4125, 'Java'),
(90499, 4125, 'Dart'),
(90500, 4125, 'Xhtml'),
(90501, 4125, 'Management'),
(90502, 4125, 'Sql'),
(90503, 4125, 'Aws'),
(90504, 4125, 'Testing'),
(90505, 4125, 'Css'),
(90506, 4125, 'Git'),
(90507, 4125, 'Java'),
(90508, 4125, 'Python'),
(90509, 4125, 'Ui'),
(90510, 4125, 'Figma'),
(90511, 4125, 'Flutter'),
(90512, 4125, 'Figma'),
(90513, 4125, 'Git'),
(90514, 4125, 'Firebase'),
(90515, 4125, 'Debugging'),
(90516, 4125, 'Kotlin'),
(90517, 4125, 'Science'),
(90518, 4125, 'Ui designer'),
(90519, 4125, 'Kotlin'),
(90520, 4125, 'Flutter'),
(90521, 4125, 'Apis'),
(90522, 4125, 'Debugging'),
(90523, 4125, 'Getx'),
(90524, 4125, 'Dart'),
(90525, 4125, 'Getx'),
(90526, 4125, 'Firebase'),
(90527, 4125, 'Sql'),
(90528, 4125, 'Aws'),
(90529, 4125, 'Js'),
(90530, 4125, 'Python'),
(90531, 4125, 'Apis'),
(90532, 4125, 'Html'),
(90533, 4125, 'mobile'),
(90534, 4125, 'app'),
(90535, 4125, 'developer'),
(90536, 4126, 'Js'),
(90537, 4126, 'Testing'),
(90538, 4126, 'Java'),
(90539, 4126, 'Dart'),
(90540, 4126, 'Xhtml'),
(90541, 4126, 'Management'),
(90542, 4126, 'Sql'),
(90543, 4126, 'Aws'),
(90544, 4126, 'Testing'),
(90545, 4126, 'Css'),
(90546, 4126, 'Git'),
(90547, 4126, 'Java'),
(90548, 4126, 'Python'),
(90549, 4126, 'Ui'),
(90550, 4126, 'Figma'),
(90551, 4126, 'Flutter'),
(90552, 4126, 'Figma'),
(90553, 4126, 'Git'),
(90554, 4126, 'Firebase'),
(90555, 4126, 'Debugging'),
(90556, 4126, 'Kotlin'),
(90557, 4126, 'Science'),
(90558, 4126, 'Ui designer'),
(90559, 4126, 'Kotlin'),
(90560, 4126, 'Flutter'),
(90561, 4126, 'Apis'),
(90562, 4126, 'Debugging'),
(90563, 4126, 'Getx'),
(90564, 4126, 'Dart'),
(90565, 4126, 'Getx'),
(90566, 4126, 'Firebase'),
(90567, 4126, 'Sql'),
(90568, 4126, 'Aws'),
(90569, 4126, 'Js'),
(90570, 4126, 'Python'),
(90571, 4126, 'Apis'),
(90572, 4126, 'Html'),
(90573, 4126, 'mobile'),
(90574, 4126, 'app'),
(90575, 4126, 'developer'),
(90576, 4127, 'Java'),
(90577, 4127, 'Javascript'),
(90578, 4127, 'Management'),
(90579, 4127, 'Product management'),
(90580, 4127, 'Sql'),
(90581, 4127, 'Testing'),
(90582, 4127, 'Css'),
(90583, 4127, 'Java'),
(90584, 4127, 'Python'),
(90585, 4127, 'Sharepoint'),
(90586, 4127, 'Science'),
(90587, 4127, 'Software'),
(90588, 4127, 'Management'),
(90589, 4127, 'Leadership'),
(90590, 4127, 'Sharepoint'),
(90591, 4127, 'Jira'),
(90592, 4127, 'Javascript'),
(90593, 4127, 'Selenium'),
(90594, 4127, 'Spring boot'),
(90595, 4127, 'Leadership'),
(90596, 4127, 'Jira'),
(90597, 4127, 'Communication'),
(90598, 4127, 'Science'),
(90599, 4127, 'Css'),
(90600, 4127, 'Selenium'),
(90601, 4127, 'Sql'),
(90602, 4127, 'Python'),
(90603, 4127, 'team'),
(90604, 4127, 'lead'),
(90605, 4128, 'Ui'),
(90606, 4128, 'Teamwork'),
(90607, 4128, 'Css'),
(90608, 4128, 'Teamwork'),
(90609, 4128, 'Xhtml'),
(90610, 4128, 'Management'),
(90611, 4128, 'Technology'),
(90612, 4128, 'Html'),
(90613, 4128, 'Sql'),
(90614, 4128, 'Backend'),
(90615, 4128, 'Sql'),
(90616, 4128, 'Communication'),
(90617, 4128, 'Css'),
(90618, 4128, 'Technology'),
(90619, 4128, 'Html'),
(90620, 4128, 'frontend'),
(90621, 4128, 'developer'),
(90622, 4129, 'Mysql'),
(90623, 4129, 'Javascript'),
(90624, 4129, 'Software'),
(90625, 4129, 'Xhtml'),
(90626, 4129, 'Sql'),
(90627, 4129, 'Css'),
(90628, 4129, 'Technology'),
(90629, 4129, 'Jquery'),
(90630, 4129, 'Bootstrap'),
(90631, 4129, 'React.js'),
(90632, 4129, 'Jquery'),
(90633, 4129, 'Sql'),
(90634, 4129, 'Jira'),
(90635, 4129, 'Javascript'),
(90636, 4129, 'Technology'),
(90637, 4129, 'Jira'),
(90638, 4129, 'Css'),
(90639, 4129, 'Bootstrap'),
(90640, 4129, 'Html'),
(90641, 4129, 'Backend'),
(90642, 4129, 'Javascript'),
(90643, 4129, 'Html'),
(90644, 4129, 'backend'),
(90645, 4129, 'developer'),
(90646, 4130, 'Testing'),
(90647, 4130, 'Java'),
(90648, 4130, 'Dart'),
(90649, 4130, 'Xhtml'),
(90650, 4130, 'Management'),
(90651, 4130, 'Git'),
(90652, 4130, 'Java'),
(90653, 4130, 'C++'),
(90654, 4130, 'Ui'),
(90655, 4130, 'C++'),
(90656, 4130, 'Flutter'),
(90657, 4130, 'Git'),
(90658, 4130, 'Azure devops'),
(90659, 4130, 'Firebase'),
(90660, 4130, 'Kotlin'),
(90661, 4130, 'Html'),
(90662, 4130, 'Kotlin'),
(90663, 4130, 'Flutter'),
(90664, 4130, 'Dart'),
(90665, 4130, 'Android app developer'),
(90666, 4130, 'Firebase'),
(90667, 4130, 'Rest api'),
(90668, 4130, 'Html'),
(90669, 4130, 'mobile'),
(90670, 4130, 'app'),
(90671, 4130, 'developer'),
(90672, 4131, 'Technology'),
(90673, 4131, 'Testing'),
(90674, 4131, 'Communication'),
(90675, 4131, 'Management'),
(90676, 4131, 'Product management'),
(90677, 4131, 'Testing'),
(90678, 4131, 'Technology'),
(90679, 4131, 'Technology'),
(90680, 4131, 'Leadership'),
(90681, 4131, 'Management'),
(90682, 4131, 'Leadership'),
(90683, 4131, 'quality'),
(90684, 4131, 'assurance'),
(90685, 4131, 'engineer'),
(90686, 4132, 'Technology'),
(90687, 4132, 'Testing'),
(90688, 4132, 'Powerpoint'),
(90689, 4132, 'Software'),
(90690, 4132, 'Management'),
(90691, 4132, 'Testing'),
(90692, 4132, 'Git'),
(90693, 4132, 'Technology'),
(90694, 4132, 'Postman'),
(90695, 4132, 'Git'),
(90696, 4132, 'Postman'),
(90697, 4132, 'Debugging'),
(90698, 4132, 'Software'),
(90699, 4132, 'Jira'),
(90700, 4132, 'Jira'),
(90701, 4132, 'Git'),
(90702, 4132, 'Technology'),
(90703, 4132, 'Jira'),
(90704, 4132, 'Microsoft office'),
(90705, 4132, 'Science'),
(90706, 4132, 'Postman'),
(90707, 4132, 'Powerpoint'),
(90708, 4132, 'Communication'),
(90709, 4132, 'team'),
(90710, 4132, 'lead'),
(90711, 4133, 'Ui'),
(90712, 4133, 'Selenium'),
(90713, 4133, 'Testing'),
(90714, 4133, 'Ms excel'),
(90715, 4133, 'Java'),
(90716, 4133, 'Selenium'),
(90717, 4133, 'Jira'),
(90718, 4133, 'Software'),
(90719, 4133, 'Communication'),
(90720, 4133, 'Selenium'),
(90721, 4133, 'Bug reporting'),
(90722, 4133, 'Postman'),
(90723, 4133, 'Php'),
(90724, 4133, 'Science'),
(90725, 4133, 'Postman'),
(90726, 4133, 'Java'),
(90727, 4133, 'Jira'),
(90728, 4133, 'Management'),
(90729, 4133, 'quality'),
(90730, 4133, 'assurance'),
(90731, 4133, 'engineer'),
(90732, 4134, 'Dart'),
(90733, 4134, 'Xhtml'),
(90734, 4134, 'Android studio'),
(90735, 4134, 'Sql'),
(90736, 4134, 'Technology'),
(90737, 4134, 'Python'),
(90738, 4134, 'Ui'),
(90739, 4134, 'Flutter'),
(90740, 4134, 'Git'),
(90741, 4134, 'Firebase'),
(90742, 4134, 'Vscode'),
(90743, 4134, 'Frontend'),
(90744, 4134, 'Science'),
(90745, 4134, 'Flutter'),
(90746, 4134, 'Mysql'),
(90747, 4134, 'Ui'),
(90748, 4134, 'Javascript'),
(90749, 4134, 'C programming'),
(90750, 4134, 'Dart'),
(90751, 4134, 'Firebase'),
(90752, 4134, 'Technology'),
(90753, 4134, 'Sql'),
(90754, 4134, 'Javascript'),
(90755, 4134, 'Python'),
(90756, 4134, 'Html'),
(90757, 4134, 'mobile'),
(90758, 4134, 'app'),
(90759, 4134, 'developer'),
(90760, 4135, 'Software'),
(90761, 4135, 'Management'),
(90762, 4135, 'Microservices'),
(90763, 4135, 'Aws'),
(90764, 4135, 'Sql'),
(90765, 4135, 'Technology'),
(90766, 4135, 'Database management'),
(90767, 4135, 'Software'),
(90768, 4135, 'Postgresql'),
(90769, 4135, 'Vscode'),
(90770, 4135, 'Software'),
(90771, 4135, 'Management'),
(90772, 4135, 'Postgresql'),
(90773, 4135, 'Git'),
(90774, 4135, 'Postgresql'),
(90775, 4135, 'Technology'),
(90776, 4135, 'Microservices'),
(90777, 4135, 'Aws'),
(90778, 4135, 'Dbms'),
(90779, 4135, 'Sql'),
(90780, 4135, 'Backend'),
(90781, 4135, 'Aws'),
(90782, 4135, 'Apis'),
(90783, 4135, 'data'),
(90784, 4135, 'architect'),
(90785, 4136, 'Science'),
(90786, 4136, 'Java'),
(90787, 4136, 'Jira'),
(90788, 4136, 'Node'),
(90789, 4136, 'Science'),
(90790, 4136, 'Sql'),
(90791, 4136, 'Technology'),
(90792, 4136, 'Testing'),
(90793, 4136, 'Software'),
(90794, 4136, 'Java'),
(90795, 4136, 'embedded'),
(90796, 4136, 'systems'),
(90797, 4136, 'engineer'),
(90798, 4137, 'Js'),
(90799, 4137, 'Mysql'),
(90800, 4137, 'Testing'),
(90801, 4137, 'Typescript'),
(90802, 4137, 'Mongodb'),
(90803, 4137, 'Javascript'),
(90804, 4137, 'Software'),
(90805, 4137, 'Xhtml'),
(90806, 4137, 'Management'),
(90807, 4137, 'Marketing'),
(90808, 4137, 'Microservices'),
(90809, 4137, 'Aws'),
(90810, 4137, 'Php'),
(90811, 4137, 'Testing'),
(90812, 4137, 'Js'),
(90813, 4137, 'Technology'),
(90814, 4137, 'Git'),
(90815, 4137, 'Full stack developer'),
(90816, 4137, 'Nextjs'),
(90817, 4137, 'Typescript'),
(90818, 4137, 'Node.js'),
(90819, 4137, 'Business analyst'),
(90820, 4137, 'React.js'),
(90821, 4137, 'Node'),
(90822, 4137, 'Css3'),
(90823, 4137, 'Postman'),
(90824, 4137, 'Debugging'),
(90825, 4137, 'Vscode'),
(90826, 4137, 'Frontend'),
(90827, 4137, 'Expressjs'),
(90828, 4137, 'Software'),
(90829, 4137, 'Jira'),
(90830, 4137, 'Management'),
(90831, 4137, 'Vscode'),
(90832, 4137, 'Jira'),
(90833, 4137, 'Javascript'),
(90834, 4137, 'Git lab'),
(90835, 4137, 'C programming'),
(90836, 4137, 'Git'),
(90837, 4137, 'Express'),
(90838, 4137, 'Analyst'),
(90839, 4137, 'Technology'),
(90840, 4137, 'Leadership'),
(90841, 4137, 'Jira'),
(90842, 4137, 'Mongodb'),
(90843, 4137, 'Microservices'),
(90844, 4137, 'Aws'),
(90845, 4137, 'Mysql'),
(90846, 4137, 'React'),
(90847, 4137, 'Nextjs'),
(90848, 4137, 'Rest api'),
(90849, 4137, 'Postman'),
(90850, 4137, 'Bootstrap'),
(90851, 4137, 'Nodejs'),
(90852, 4137, 'Html'),
(90853, 4137, 'Js'),
(90854, 4137, 'Aws'),
(90855, 4137, 'Javascript'),
(90856, 4137, 'Nodejs'),
(90857, 4137, 'Nextjs'),
(90858, 4137, 'Express'),
(90859, 4137, 'Nodejs'),
(90860, 4137, 'Html'),
(90861, 4137, 'software'),
(90862, 4137, 'engineer'),
(90863, 4137, 'intern'),
(90864, 4138, 'Teamwork'),
(90865, 4138, 'Ui'),
(90866, 4138, 'C++'),
(90867, 4138, 'React'),
(90868, 4138, 'Java'),
(90869, 4138, 'Javascript'),
(90870, 4138, 'C programming'),
(90871, 4138, 'Software'),
(90872, 4138, 'Xhtml'),
(90873, 4138, 'Technology'),
(90874, 4138, 'Sql'),
(90875, 4138, 'Android app developer'),
(90876, 4138, 'Css'),
(90877, 4138, 'Kotlin'),
(90878, 4138, 'Html'),
(90879, 4138, 'frontend'),
(90880, 4138, 'developer'),
(90881, 4139, 'Jquery'),
(90882, 4139, 'Ui'),
(90883, 4139, 'Photoshop'),
(90884, 4139, 'Jenkins'),
(90885, 4139, 'Jquery'),
(90886, 4139, 'Frontend developement'),
(90887, 4139, 'Javascript'),
(90888, 4139, 'Git'),
(90889, 4139, 'Xhtml'),
(90890, 4139, 'Management'),
(90891, 4139, 'Bootstrap'),
(90892, 4139, 'Html'),
(90893, 4139, 'Css3'),
(90894, 4139, 'Css3'),
(90895, 4139, 'Css'),
(90896, 4139, 'Leadership'),
(90897, 4139, 'Management'),
(90898, 4139, 'Html');
INSERT INTO "public"."Skill" ("Id", "ResumeId", "SkillName") VALUES
(90899, 4139, 'backend');
INSERT INTO "public"."Skill" ("Id", "ResumeId", "SkillName") VALUES
(90900, 4139, 'developer');
INSERT INTO "public"."Skill" ("Id", "ResumeId", "SkillName") VALUES
(90901, 4140, 'Getx'),
(90902, 4140, 'Java'),
(90903, 4140, 'Mongodb'),
(90904, 4140, 'Dart'),
(90905, 4140, 'Xhtml'),
(90906, 4140, 'Management'),
(90907, 4140, 'Php'),
(90908, 4140, 'Nodejs'),
(90909, 4140, 'Aws'),
(90910, 4140, 'Azure'),
(90911, 4140, 'Js'),
(90912, 4140, 'Css'),
(90913, 4140, 'Python'),
(90914, 4140, 'Ui'),
(90915, 4140, 'Flutter'),
(90916, 4140, 'Jquery'),
(90917, 4140, 'Django'),
(90918, 4140, 'Node.js'),
(90919, 4140, 'Git'),
(90920, 4140, 'Firebase'),
(90921, 4140, 'Kotlin'),
(90922, 4140, 'Science'),
(90923, 4140, 'Kotlin'),
(90924, 4140, 'Flutter'),
(90925, 4140, 'Mysql'),
(90926, 4140, 'Ui'),
(90927, 4140, 'Jira'),
(90928, 4140, 'C programming'),
(90929, 4140, 'Getx'),
(90930, 4140, 'Backend'),
(90931, 4140, 'Mysql'),
(90932, 4140, 'Wordpress'),
(90933, 4140, 'Nodejs'),
(90934, 4140, 'Python'),
(90935, 4140, 'Apis'),
(90936, 4140, 'Nodejs'),
(90937, 4140, 'Html'),
(90938, 4140, 'software'),
(90939, 4140, 'engineer'),
(90940, 4140, 'intern'),
(90941, 4141, 'Software'),
(90942, 4141, 'Marketing'),
(90943, 4141, 'Management'),
(90944, 4141, 'Product management'),
(90945, 4141, 'Sql'),
(90946, 4141, 'Aws'),
(90947, 4141, 'Technology'),
(90948, 4141, 'Python'),
(90949, 4141, 'Tableau'),
(90950, 4141, 'Ui'),
(90951, 4141, 'Analyst'),
(90952, 4141, 'Postman'),
(90953, 4141, 'Data analytics'),
(90954, 4141, 'Science'),
(90955, 4141, 'Jira'),
(90956, 4141, 'Management'),
(90957, 4141, 'Decision making'),
(90958, 4141, 'Team player'),
(90959, 4141, 'Technology'),
(90960, 4141, 'Communication'),
(90961, 4141, 'Science'),
(90962, 4141, 'Backend'),
(90963, 4141, 'Sql'),
(90964, 4141, '.net core'),
(90965, 4141, 'Tableau'),
(90966, 4141, 'Aws'),
(90967, 4141, 'Communication'),
(90968, 4141, 'Python'),
(90969, 4141, 'data'),
(90970, 4141, 'analyst'),
(90971, 4142, 'Testing'),
(90972, 4142, 'Software'),
(90973, 4142, 'Postman'),
(90974, 4142, 'Regression testing'),
(90975, 4142, 'Testing'),
(90976, 4142, 'Analyst'),
(90977, 4142, 'Software'),
(90978, 4142, 'Jira'),
(90979, 4142, 'test'),
(90980, 4142, 'analyst'),
(90981, 4143, 'Jenkins'),
(90982, 4143, 'Java'),
(90983, 4143, 'Javascript'),
(90984, 4143, 'Xhtml'),
(90985, 4143, 'Microservices'),
(90986, 4143, 'Aws'),
(90987, 4143, 'Git'),
(90988, 4143, 'Python'),
(90989, 4143, 'Node.js'),
(90990, 4143, 'React.js'),
(90991, 4143, 'Git'),
(90992, 4143, 'Postman'),
(90993, 4143, 'Science'),
(90994, 4143, 'Software'),
(90995, 4143, 'Management'),
(90996, 4143, 'Jquery'),
(90997, 4143, 'Jira'),
(90998, 4143, 'Mysql'),
(90999, 4143, 'Jira'),
(91000, 4143, 'Selenium'),
(91001, 4143, 'Jenkins'),
(91002, 4143, 'Spring boot'),
(91003, 4143, 'Angular'),
(91004, 4143, 'Mysql'),
(91005, 4143, 'Devops'),
(91006, 4143, 'Microservices'),
(91007, 4143, 'Mysql'),
(91008, 4143, 'Node.js'),
(91009, 4143, 'Postman'),
(91010, 4143, 'Html'),
(91011, 4143, 'Sql'),
(91012, 4143, 'Python'),
(91013, 4143, 'Html'),
(91014, 4143, 'frontend'),
(91015, 4143, 'developer'),
(91016, 4144, 'Java'),
(91017, 4144, 'Dbms'),
(91018, 4144, 'Software'),
(91019, 4144, 'Xhtml'),
(91020, 4144, 'Marketing'),
(91021, 4144, 'Php'),
(91022, 4144, 'Js'),
(91023, 4144, 'Css'),
(91024, 4144, 'Software developement'),
(91025, 4144, 'Software'),
(91026, 4144, 'Science'),
(91027, 4144, 'Php'),
(91028, 4144, 'React'),
(91029, 4144, 'Jquery'),
(91030, 4144, 'Mysql'),
(91031, 4144, 'C programming'),
(91032, 4144, 'Team player'),
(91033, 4144, 'Technology'),
(91034, 4144, 'Communication'),
(91035, 4144, 'Css'),
(91036, 4144, 'React'),
(91037, 4144, 'Html'),
(91038, 4144, 'Js'),
(91039, 4144, 'Bootstrap'),
(91040, 4144, 'Bootstrap'),
(91041, 4144, 'Html'),
(91042, 4144, 'backend'),
(91043, 4144, 'developer'),
(91044, 4145, 'Teamwork'),
(91045, 4145, 'Ui'),
(91046, 4145, 'Testing'),
(91047, 4145, 'Software'),
(91048, 4145, 'Science'),
(91049, 4145, 'Microsoft azure'),
(91050, 4145, 'Jira'),
(91051, 4145, 'Azure'),
(91052, 4145, 'Management'),
(91053, 4145, 'Technology'),
(91054, 4145, 'Communication'),
(91055, 4145, 'Azure'),
(91056, 4145, 'Analyst'),
(91057, 4145, 'Technology'),
(91058, 4145, 'Jira'),
(91059, 4145, 'Communication'),
(91060, 4145, 'embedded'),
(91061, 4145, 'systems'),
(91062, 4145, 'engineer'),
(91063, 4146, 'Testing'),
(91064, 4146, 'Jira'),
(91065, 4146, 'Analyst'),
(91066, 4146, 'Selenium'),
(91067, 4146, 'Postman'),
(91068, 4146, 'Bug tracking'),
(91069, 4146, 'Management'),
(91070, 4146, 'Sql'),
(91071, 4146, 'Postman'),
(91072, 4146, 'Sql'),
(91073, 4146, 'Regression testing'),
(91074, 4146, 'Testing'),
(91075, 4146, 'Technology'),
(91076, 4146, 'Software'),
(91077, 4146, 'Management'),
(91078, 4146, 'Communication'),
(91079, 4146, 'embedded'),
(91080, 4146, 'systems'),
(91081, 4146, 'engineer'),
(91082, 4147, 'Testing'),
(91083, 4147, 'Product testing'),
(91084, 4147, 'Communication'),
(91085, 4147, 'Marketing'),
(91086, 4147, 'Management'),
(91087, 4147, 'Communication'),
(91088, 4147, 'Testing'),
(91089, 4147, 'Technology'),
(91090, 4147, 'Technology'),
(91091, 4147, 'Leadership'),
(91092, 4147, 'Management'),
(91093, 4147, 'Leadership'),
(91094, 4147, 'product'),
(91095, 4147, 'manager'),
(91096, 4148, 'Testing'),
(91097, 4148, 'Java'),
(91098, 4148, 'Software'),
(91099, 4148, 'Xhtml'),
(91100, 4148, 'Management'),
(91101, 4148, 'Product management'),
(91102, 4148, 'Testing'),
(91103, 4148, 'Python'),
(91104, 4148, 'Postman'),
(91105, 4148, 'Software'),
(91106, 4148, 'Apis'),
(91107, 4148, 'Jira'),
(91108, 4148, 'Management'),
(91109, 4148, 'Mysql'),
(91110, 4148, 'Jira'),
(91111, 4148, 'C programming'),
(91112, 4148, 'Selenium'),
(91113, 4148, 'Jira'),
(91114, 4148, 'Communication'),
(91115, 4148, 'Dbms'),
(91116, 4148, 'Postman'),
(91117, 4148, 'Rest api'),
(91118, 4148, 'Regression testing'),
(91119, 4148, 'Apis'),
(91120, 4148, 'Html'),
(91121, 4148, 'quality'),
(91122, 4148, 'assurance'),
(91123, 4148, 'engineer'),
(91124, 4149, 'Js'),
(91125, 4149, 'Javascript'),
(91126, 4149, 'Software'),
(91127, 4149, 'Xhtml'),
(91128, 4149, 'Canva'),
(91129, 4149, 'Php'),
(91130, 4149, 'Php'),
(91131, 4149, 'Css'),
(91132, 4149, 'Technology'),
(91133, 4149, 'Ui'),
(91134, 4149, 'Jquery'),
(91135, 4149, 'Jquery'),
(91136, 4149, 'Bootstrap'),
(91137, 4149, 'React.js'),
(91138, 4149, 'Node'),
(91139, 4149, 'Css3'),
(91140, 4149, 'Science'),
(91141, 4149, 'Software'),
(91142, 4149, 'Management'),
(91143, 4149, 'Jquery'),
(91144, 4149, 'Html5'),
(91145, 4149, 'Mysql'),
(91146, 4149, 'Javascript'),
(91147, 4149, 'C programming'),
(91148, 4149, 'Jquery'),
(91149, 4149, 'Css3'),
(91150, 4149, 'Technology'),
(91151, 4149, 'Microsoft office'),
(91152, 4149, 'Css'),
(91153, 4149, 'Mysql'),
(91154, 4149, 'React'),
(91155, 4149, 'Bootstrap'),
(91156, 4149, 'Nodejs'),
(91157, 4149, 'Html'),
(91158, 4149, 'Js'),
(91159, 4149, 'Javascript'),
(91160, 4149, 'Html'),
(91161, 4149, 'frontend'),
(91162, 4149, 'developer'),
(91163, 4150, 'Testing'),
(91164, 4150, 'Jenkins'),
(91165, 4150, 'Java'),
(91166, 4150, 'C#'),
(91167, 4150, 'Software'),
(91168, 4150, 'Management'),
(91169, 4150, 'Azure'),
(91170, 4150, 'Testing'),
(91171, 4150, 'Technology'),
(91172, 4150, 'Ui'),
(91173, 4150, 'Analyst'),
(91174, 4150, 'Postman'),
(91175, 4150, 'Debugging'),
(91176, 4150, 'Software'),
(91177, 4150, 'Javascript'),
(91178, 4150, 'Selenium'),
(91179, 4150, 'Jenkins'),
(91180, 4150, 'Technology'),
(91181, 4150, 'Leadership'),
(91182, 4150, 'Communication'),
(91183, 4150, 'Postman'),
(91184, 4150, 'quality'),
(91185, 4150, 'assurance'),
(91186, 4150, 'engineer'),
(91187, 4151, 'Science'),
(91188, 4151, 'Figma'),
(91189, 4151, 'Apis'),
(91190, 4151, 'Communication'),
(91191, 4151, 'Software'),
(91192, 4151, 'Marketing'),
(91193, 4151, 'Management'),
(91194, 4151, 'Apis'),
(91195, 4151, 'Product management'),
(91196, 4151, 'Data analytics'),
(91197, 4151, 'Science'),
(91198, 4151, 'Management'),
(91199, 4151, 'Backend'),
(91200, 4151, 'Jira'),
(91201, 4151, 'product'),
(91202, 4151, 'manager'),
(91251, 4154, 'Js'),
(91252, 4154, 'Mysql'),
(91253, 4154, 'Java'),
(91254, 4154, 'Dsa'),
(91255, 4154, 'Javascript'),
(91256, 4154, 'Xhtml'),
(91257, 4154, 'Management'),
(91258, 4154, 'Css'),
(91259, 4154, 'Tableau'),
(91260, 4154, 'Ui'),
(91261, 4154, 'Node'),
(91262, 4154, 'Html'),
(91263, 4154, 'Science'),
(91264, 4154, 'Expressjs'),
(91265, 4154, 'React'),
(91266, 4154, 'Javascript'),
(91267, 4154, 'Communication'),
(91268, 4154, 'Science'),
(91269, 4154, 'Css'),
(91270, 4154, 'React'),
(91271, 4154, 'Mongodb'),
(91272, 4154, 'Html'),
(91273, 4154, 'Javascript'),
(91274, 4154, 'Express'),
(91275, 4154, 'Html'),
(91276, 4154, 'frontend'),
(91277, 4154, 'developer'),
(91278, 4155, 'Testing'),
(91279, 4155, 'Marketing'),
(91280, 4155, 'Management'),
(91281, 4155, 'Microservices'),
(91282, 4155, 'Azure'),
(91283, 4155, 'Figma'),
(91284, 4155, 'Microsoft azure'),
(91285, 4155, 'Analyst'),
(91286, 4155, 'Azure'),
(91287, 4155, 'Business analyst'),
(91288, 4155, 'Azure devops'),
(91289, 4155, 'Figma'),
(91290, 4155, 'Data analytics'),
(91291, 4155, 'Management'),
(91292, 4155, 'Jira'),
(91293, 4155, 'Devops'),
(91294, 4155, 'C programming'),
(91295, 4155, 'Adobe analytics'),
(91296, 4155, 'Leadership'),
(91297, 4155, 'Problemsolving'),
(91298, 4155, 'Jira'),
(91299, 4155, 'Backend'),
(91300, 4155, 'Devops'),
(91301, 4155, 'Microservices'),
(91302, 4155, 'Rest api'),
(91303, 4155, 'Marketing'),
(91304, 4155, 'Apis'),
(91305, 4155, 'product'),
(91306, 4155, 'manager'),
(91307, 4156, 'Node'),
(91308, 4156, 'Mongodb'),
(91309, 4156, 'Javascript'),
(91310, 4156, 'Software'),
(91311, 4156, 'Xhtml'),
(91312, 4156, 'Wordpress'),
(91313, 4156, 'Css'),
(91314, 4156, 'Technology'),
(91315, 4156, 'C++'),
(91316, 4156, 'Figma'),
(91317, 4156, 'Node.js'),
(91318, 4156, 'Bootstrap'),
(91319, 4156, 'Socket.io'),
(91320, 4156, 'React.js'),
(91321, 4156, 'Node'),
(91322, 4156, 'Wordpress'),
(91323, 4156, 'Science'),
(91324, 4156, 'Expressjs'),
(91325, 4156, 'Apis'),
(91326, 4156, 'React'),
(91327, 4156, 'Jquery'),
(91328, 4156, 'Javascript'),
(91329, 4156, 'C programming'),
(91330, 4156, 'Mongoose'),
(91331, 4156, 'Jquery'),
(91332, 4156, 'Frontend'),
(91333, 4156, 'Photoshop'),
(91334, 4156, 'Express'),
(91335, 4156, 'React native'),
(91336, 4156, 'Backend'),
(91337, 4156, 'Mongodb'),
(91338, 4156, 'Photoshop'),
(91339, 4156, 'Css'),
(91340, 4156, 'React'),
(91341, 4156, 'Material ui'),
(91342, 4156, 'Node.js'),
(91343, 4156, 'Nodejs'),
(91344, 4156, 'Html'),
(91345, 4156, 'Backend'),
(91346, 4156, 'Javascript'),
(91347, 4156, 'Apis'),
(91348, 4156, 'backend'),
(91349, 4156, 'developer'),
(91350, 4157, 'Figma'),
(91351, 4157, 'Jira'),
(91352, 4157, 'Analyst'),
(91353, 4157, 'Software'),
(91354, 4157, 'Figma'),
(91355, 4157, 'Management'),
(91356, 4157, 'Marketing'),
(91357, 4157, 'Sql'),
(91358, 4157, 'Aws'),
(91359, 4157, 'Azure'),
(91360, 4157, 'Technology'),
(91361, 4157, 'Leadership'),
(91362, 4157, 'Jira'),
(91363, 4157, 'Management'),
(91364, 4157, 'product'),
(91365, 4157, 'manager'),
(91366, 4158, 'Node'),
(91367, 4158, 'Mongodb'),
(91368, 4158, 'Javascript'),
(91369, 4158, 'Software'),
(91370, 4158, 'Xhtml'),
(91371, 4158, 'Wordpress'),
(91372, 4158, 'Css'),
(91373, 4158, 'Technology'),
(91374, 4158, 'C++'),
(91375, 4158, 'Figma'),
(91376, 4158, 'Node.js'),
(91377, 4158, 'Bootstrap'),
(91378, 4158, 'Socket.io'),
(91379, 4158, 'React.js'),
(91380, 4158, 'Node'),
(91381, 4158, 'Wordpress'),
(91382, 4158, 'Science'),
(91383, 4158, 'Expressjs'),
(91414, 4159, 'Wordpress'),
(91415, 4159, 'Css'),
(91416, 4159, 'Technology'),
(91417, 4159, 'C++'),
(91418, 4159, 'Figma'),
(91419, 4159, 'Node.js'),
(91420, 4159, 'Bootstrap'),
(91421, 4159, 'Socket.io'),
(91422, 4159, 'React.js'),
(91423, 4159, 'Node'),
(91424, 4159, 'Wordpress'),
(91425, 4159, 'Science'),
(91426, 4159, 'Expressjs'),
(91427, 4159, 'Apis'),
(91428, 4159, 'React'),
(91429, 4159, 'Jquery'),
(91430, 4159, 'Javascript'),
(91431, 4159, 'C programming'),
(91432, 4159, 'Mongoose'),
(91433, 4159, 'Jquery'),
(91434, 4159, 'Frontend'),
(91435, 4159, 'Photoshop'),
(91436, 4159, 'Express'),
(91437, 4159, 'React native'),
(91438, 4159, 'Backend'),
(91439, 4159, 'Mongodb'),
(91440, 4159, 'Photoshop');
INSERT INTO "public"."Skill" ("Id", "ResumeId", "SkillName") VALUES
(91441, 4159, 'Css');
INSERT INTO "public"."Skill" ("Id", "ResumeId", "SkillName") VALUES
(91442, 4159, 'React');
INSERT INTO "public"."Skill" ("Id", "ResumeId", "SkillName") VALUES
(91443, 4159, 'Material ui'),
(91444, 4159, 'Node.js'),
(91445, 4159, 'Nodejs'),
(91446, 4159, 'Html'),
(91447, 4159, 'Backend'),
(91448, 4159, 'Javascript'),
(91449, 4159, 'Apis'),
(91450, 4159, 'backend'),
(91451, 4159, 'developer'),
(91452, 4160, 'Node'),
(91453, 4160, 'Mongodb'),
(91454, 4160, 'Javascript'),
(91455, 4160, 'Software'),
(91456, 4160, 'Xhtml'),
(91457, 4160, 'Wordpress'),
(91458, 4160, 'Css'),
(91459, 4160, 'Technology'),
(91460, 4160, 'C++'),
(91461, 4160, 'Figma'),
(91462, 4160, 'Node.js'),
(91463, 4160, 'Bootstrap'),
(91464, 4160, 'Socket.io'),
(91465, 4160, 'React.js'),
(91466, 4160, 'Node'),
(91467, 4160, 'Wordpress'),
(91468, 4160, 'Science'),
(91469, 4160, 'Expressjs'),
(91470, 4160, 'Apis'),
(91471, 4160, 'React'),
(91472, 4160, 'Jquery'),
(91473, 4160, 'Javascript'),
(91474, 4160, 'C programming'),
(91475, 4160, 'Mongoose'),
(91476, 4160, 'Jquery'),
(91477, 4160, 'Frontend'),
(91478, 4160, 'Photoshop'),
(91479, 4160, 'Express'),
(91480, 4160, 'React native'),
(91481, 4160, 'Backend'),
(91482, 4160, 'Mongodb'),
(91483, 4160, 'Photoshop'),
(91484, 4160, 'Css'),
(91485, 4160, 'React'),
(91486, 4160, 'Material ui'),
(91487, 4160, 'Node.js'),
(91488, 4160, 'Nodejs'),
(91489, 4160, 'Html'),
(91490, 4160, 'Backend'),
(91491, 4160, 'Javascript'),
(91492, 4160, 'Apis'),
(91493, 4160, 'backend'),
(91494, 4160, 'developer'),
(91495, 4161, 'Testing'),
(91496, 4161, 'Jenkins'),
(91497, 4161, 'Software'),
(91498, 4161, 'Xhtml'),
(91499, 4161, 'Management'),
(91500, 4161, 'Sql'),
(91501, 4161, 'Aws'),
(91502, 4161, 'Testing'),
(91503, 4161, 'Css'),
(91504, 4161, 'Git'),
(91505, 4161, 'C++'),
(91506, 4161, 'Ui'),
(91507, 4161, 'C++'),
(91508, 4161, 'Analyst'),
(91509, 4161, 'Postman'),
(91510, 4161, 'Software'),
(91511, 4161, 'Jira'),
(91512, 4161, 'Management'),
(91513, 4161, 'Jira'),
(91514, 4161, 'C programming'),
(91515, 4161, 'Git'),
(91516, 4161, 'Jira'),
(91517, 4161, 'Rest api'),
(91518, 4161, 'Bug tracking'),
(91519, 4161, 'Postman'),
(91520, 4161, 'Html'),
(91521, 4161, 'Sql'),
(91522, 4161, 'Regression testing'),
(91523, 4161, 'Html'),
(91524, 4161, 'embedded'),
(91525, 4161, 'systems'),
(91526, 4161, 'engineer'),
(91527, 4162, 'Dbms'),
(91528, 4162, 'Mysql'),
(91529, 4162, 'Software'),
(91530, 4162, 'Javascript'),
(91531, 4162, 'Xhtml'),
(91532, 4162, 'Machine learning'),
(91533, 4162, 'Css'),
(91534, 4162, 'Python'),
(91535, 4162, 'Frontend developement'),
(91536, 4162, 'Analyst'),
(91537, 4162, 'React.js'),
(91538, 4162, 'Science'),
(91539, 4162, 'React'),
(91540, 4162, 'Debugging'),
(91541, 4162, 'Javascript'),
(91542, 4162, 'Programming'),
(91543, 4162, 'Teamwork'),
(91544, 4162, 'Mysql'),
(91545, 4162, 'React'),
(91546, 4162, 'Python'),
(91547, 4162, 'Apis'),
(91548, 4162, 'Html'),
(91549, 4162, 'frontend'),
(91550, 4162, 'developer'),
(91551, 4163, 'Testing'),
(91552, 4163, 'Devops'),
(91553, 4163, 'Software'),
(91554, 4163, 'Xhtml'),
(91555, 4163, 'Management'),
(91556, 4163, 'Sql'),
(91557, 4163, 'Aws'),
(91558, 4163, 'Testing'),
(91559, 4163, 'Postgresql'),
(91560, 4163, 'Postman'),
(91561, 4163, 'Debugging'),
(91562, 4163, 'Software'),
(91563, 4163, 'Jira'),
(91564, 4163, 'Technology'),
(91565, 4163, 'Jira'),
(91566, 4163, 'Html'),
(91567, 4163, 'Sql'),
(91568, 4163, 'Regression testing'),
(91569, 4163, 'Html'),
(91570, 4163, 'quality'),
(91571, 4163, 'assurance'),
(91572, 4163, 'engineer'),
(91573, 4164, 'Java'),
(91574, 4164, 'Javascript'),
(91575, 4164, 'Xhtml'),
(91576, 4164, 'Sql'),
(91577, 4164, '-communication'),
(91578, 4164, 'Css'),
(91579, 4164, 'Bootstrap'),
(91580, 4164, 'Html'),
(91581, 4164, 'frontend'),
(91582, 4164, 'developer'),
(91583, 4165, 'Ui'),
(91584, 4165, 'Css'),
(91585, 4165, 'Mui'),
(91586, 4165, 'React'),
(91587, 4165, 'Material ui'),
(91588, 4165, 'Bootstrap'),
(91589, 4165, 'Xhtml'),
(91590, 4165, 'React.js'),
(91591, 4165, 'Bootstrap'),
(91592, 4165, 'Mui'),
(91593, 4165, 'Javascript'),
(91594, 4165, 'Science'),
(91595, 4165, 'Css'),
(91596, 4165, 'React'),
(91597, 4165, 'Html'),
(91598, 4165, 'frontend'),
(91599, 4165, 'developer'),
(91600, 4166, 'Testing'),
(91601, 4166, 'Javascript'),
(91602, 4166, 'Xhtml'),
(91603, 4166, 'Sql'),
(91604, 4166, 'Git'),
(91605, 4166, 'Css'),
(91606, 4166, 'Technology'),
(91607, 4166, 'Git'),
(91608, 4166, 'Latex'),
(91609, 4166, 'Debugging'),
(91610, 4166, 'Html'),
(91611, 4166, 'Software'),
(91612, 4166, 'Jira'),
(91613, 4166, 'Jquery'),
(91614, 4166, 'Debugging'),
(91615, 4166, 'Javascript'),
(91616, 4166, 'C programming'),
(91617, 4166, 'Git'),
(91618, 4166, 'Jquery'),
(91619, 4166, 'Jira'),
(91620, 4166, 'Communication'),
(91621, 4166, 'Backend'),
(91622, 4166, 'Postman'),
(91623, 4166, 'Html'),
(91624, 4166, 'Sql'),
(91625, 4166, 'Backend'),
(91626, 4166, 'embedded'),
(91627, 4166, 'systems'),
(91628, 4166, 'engineer'),
(91629, 4167, 'Java'),
(91630, 4167, 'Dart'),
(91631, 4167, 'Javascript'),
(91632, 4167, 'Android studio'),
(91633, 4167, 'Nodejs'),
(91634, 4167, 'Java'),
(91635, 4167, 'C++'),
(91636, 4167, 'Ui'),
(91637, 4167, 'C++'),
(91638, 4167, 'Flutter'),
(91639, 4167, 'Node.js'),
(91640, 4167, 'Git'),
(91641, 4167, 'Vscode'),
(91642, 4167, 'Firebase'),
(91643, 4167, 'Flutter'),
(91644, 4167, 'C programming'),
(91645, 4167, 'Frontend'),
(91646, 4167, 'Dart'),
(91647, 4167, 'Firebase'),
(91648, 4167, 'Mysql'),
(91649, 4167, 'Html'),
(91650, 4167, 'Sql'),
(91651, 4167, 'mobile'),
(91652, 4167, 'app'),
(91653, 4167, 'developer'),
(91654, 4168, 'Technology'),
(91655, 4168, 'Javascript'),
(91656, 4168, 'Css'),
(91657, 4168, 'Flutter'),
(91658, 4168, 'Apis'),
(91659, 4168, 'Dart'),
(91660, 4168, 'Software'),
(91661, 4168, 'Xhtml'),
(91662, 4168, 'Firebase'),
(91663, 4168, 'Flutter'),
(91664, 4168, 'Technology'),
(91665, 4168, 'Oops'),
(91666, 4168, 'Css'),
(91667, 4168, 'Software'),
(91668, 4168, 'Java'),
(91669, 4168, 'Jira'),
(91670, 4168, 'Html'),
(91671, 4168, 'software'),
(91672, 4168, 'engineer'),
(91673, 4168, 'intern'),
(91674, 4169, 'Java'),
(91675, 4169, 'Dsa'),
(91676, 4169, 'Javascript'),
(91677, 4169, 'Software'),
(91678, 4169, 'Xhtml'),
(91679, 4169, 'Management'),
(91680, 4169, 'Php'),
(91681, 4169, 'Php'),
(91682, 4169, 'Css'),
(91683, 4169, 'Technology'),
(91684, 4169, 'Database management'),
(91685, 4169, 'C++'),
(91686, 4169, 'C++'),
(91687, 4169, 'Software developement'),
(91688, 4169, 'Science'),
(91689, 4169, 'Php'),
(91690, 4169, 'Software'),
(91691, 4169, 'Management'),
(91692, 4169, 'Jquery'),
(91693, 4169, 'React'),
(91694, 4169, 'Mysql'),
(91695, 4169, 'Javascript'),
(91696, 4169, 'Jquery'),
(91697, 4169, 'Backend'),
(91698, 4169, 'Css'),
(91699, 4169, 'Mysql'),
(91700, 4169, 'React'),
(91701, 4169, 'Html'),
(91702, 4169, 'Dsa'),
(91703, 4169, 'Html'),
(91704, 4169, 'frontend'),
(91705, 4169, 'developer'),
(91706, 4170, 'Java'),
(91707, 4170, 'Mongodb'),
(91708, 4170, 'Dart'),
(91709, 4170, 'Javascript'),
(91710, 4170, 'Canva'),
(91711, 4170, 'Aws'),
(91712, 4170, 'Java'),
(91713, 4170, 'Python'),
(91714, 4170, 'Vscode'),
(91715, 4170, 'Ui'),
(91716, 4170, 'Flutter'),
(91717, 4170, 'Git'),
(91718, 4170, 'Firebase'),
(91719, 4170, 'Postgresql'),
(91720, 4170, 'Postman'),
(91721, 4170, 'Vscode'),
(91722, 4170, 'Kotlin'),
(91723, 4170, 'Science'),
(91724, 4170, 'Kotlin'),
(91725, 4170, 'Flutter'),
(91726, 4170, 'Jira'),
(91727, 4170, 'Management'),
(91728, 4170, 'Leadership'),
(91729, 4170, 'Api integration'),
(91730, 4170, 'Javascript'),
(91731, 4170, 'C programming'),
(91732, 4170, 'Dart'),
(91733, 4170, 'Firebase'),
(91734, 4170, 'Leadership'),
(91735, 4170, 'Jira'),
(91736, 4170, 'Mongodb'),
(91737, 4170, 'Photoshop'),
(91738, 4170, 'Postman'),
(91739, 4170, 'Backend'),
(91740, 4170, 'Aws'),
(91741, 4170, 'Communication'),
(91742, 4170, 'mobile'),
(91743, 4170, 'app'),
(91744, 4170, 'developer'),
(91745, 4171, 'Testing'),
(91746, 4171, 'Software'),
(91747, 4171, 'Bug tracking'),
(91748, 4171, 'Management'),
(91749, 4171, 'Technology'),
(91750, 4171, 'Product management'),
(91751, 4171, 'Sql'),
(91752, 4171, 'Technology'),
(91753, 4171, 'Science'),
(91754, 4171, 'Testing'),
(91755, 4171, 'Analyst'),
(91756, 4171, 'Software'),
(91757, 4171, 'Management'),
(91758, 4171, 'Backend'),
(91759, 4171, 'Communication'),
(91760, 4171, 'quality'),
(91761, 4171, 'assurance'),
(91762, 4171, 'engineer'),
(91763, 4172, 'Microservices'),
(91764, 4172, 'Testing'),
(91765, 4172, 'Software'),
(91766, 4172, 'Jira'),
(91767, 4172, 'Testrail'),
(91768, 4172, 'Postman'),
(91769, 4172, 'Management'),
(91770, 4172, 'Azure'),
(91771, 4172, 'Sql'),
(91772, 4172, 'Postman'),
(91773, 4172, 'Aws'),
(91774, 4172, 'Technology'),
(91775, 4172, 'Aws'),
(91776, 4172, 'Testing'),
(91777, 4172, 'Postman'),
(91778, 4172, 'Manual testing'),
(91779, 4172, 'team'),
(91780, 4172, 'lead'),
(91781, 4173, 'Testing'),
(91782, 4173, 'Software'),
(91783, 4173, 'Xhtml'),
(91784, 4173, 'Sql'),
(91785, 4173, 'Testing'),
(91786, 4173, 'Manual testing'),
(91787, 4173, 'Python'),
(91788, 4173, 'Analyst'),
(91789, 4173, 'Postman'),
(91790, 4173, 'Data analytics'),
(91791, 4173, 'Software'),
(91792, 4173, 'Management'),
(91793, 4173, 'Jira'),
(91794, 4173, 'Selenium'),
(91795, 4173, 'Team player'),
(91796, 4173, 'Jira'),
(91797, 4173, 'Communication'),
(91798, 4173, 'Postman'),
(91799, 4173, 'Html'),
(91800, 4173, 'Sql'),
(91801, 4173, 'Regression testing'),
(91802, 4173, 'Python'),
(91803, 4173, 'Html'),
(91804, 4173, 'embedded'),
(91805, 4173, 'systems'),
(91806, 4173, 'engineer'),
(91807, 4174, 'Aws'),
(91808, 4174, 'Typescript'),
(91809, 4174, 'Mongodb'),
(91810, 4174, 'C programming'),
(91811, 4174, 'Mongodb'),
(91812, 4174, 'Mongodb'),
(91813, 4174, 'Node'),
(91814, 4174, 'Technology'),
(91815, 4174, 'Js'),
(91816, 4174, 'Nodejs'),
(91817, 4174, 'Express'),
(91818, 4174, 'Javascript'),
(91819, 4174, 'Science'),
(91820, 4174, 'Expressjs'),
(91821, 4174, 'Software'),
(91822, 4174, 'Express'),
(91823, 4174, 'Python'),
(91824, 4174, 'C++'),
(91825, 4174, 'embedded'),
(91826, 4174, 'systems'),
(91827, 4174, 'engineer'),
(91828, 4175, 'Node'),
(91829, 4175, 'Mongodb'),
(91830, 4175, 'Javascript'),
(91831, 4175, 'Software'),
(91832, 4175, 'Xhtml'),
(91833, 4175, 'Wordpress'),
(91834, 4175, 'Css'),
(91835, 4175, 'Technology'),
(91836, 4175, 'C++'),
(91837, 4175, 'Figma'),
(91838, 4175, 'Node.js'),
(91839, 4175, 'Bootstrap'),
(91840, 4175, 'Socket.io'),
(91841, 4175, 'React.js'),
(91842, 4175, 'Node'),
(91843, 4175, 'Wordpress'),
(91844, 4175, 'Science'),
(91845, 4175, 'Expressjs'),
(91846, 4175, 'Apis'),
(91847, 4175, 'React'),
(91848, 4175, 'Jquery'),
(91849, 4175, 'Javascript'),
(91850, 4175, 'C programming'),
(91851, 4175, 'Mongoose'),
(91852, 4175, 'Jquery'),
(91853, 4175, 'Frontend'),
(91854, 4175, 'Photoshop'),
(91855, 4175, 'Express'),
(91856, 4175, 'React native'),
(91857, 4175, 'Backend'),
(91858, 4175, 'Mongodb'),
(91859, 4175, 'Photoshop'),
(91860, 4175, 'Css'),
(91861, 4175, 'React'),
(91862, 4175, 'Material ui'),
(91863, 4175, 'Node.js'),
(91864, 4175, 'Nodejs'),
(91865, 4175, 'Html'),
(91866, 4175, 'Backend'),
(91867, 4175, 'Javascript'),
(91868, 4175, 'Apis'),
(91869, 4175, 'backend'),
(91870, 4175, 'developer'),
(91871, 4176, 'Science'),
(91872, 4176, 'Testing'),
(91873, 4176, 'Jira'),
(91874, 4176, 'Marketing'),
(91875, 4176, 'Marketing'),
(91876, 4176, 'Science'),
(91877, 4176, 'Management'),
(91878, 4176, 'product'),
(91879, 4176, 'manager'),
(91880, 4177, 'Ms excel'),
(91881, 4177, 'Testing'),
(91882, 4177, 'Software'),
(91883, 4177, 'Management'),
(91884, 4177, 'Testing'),
(91885, 4177, 'Azure'),
(91886, 4177, 'Technology'),
(91887, 4177, 'Analyst'),
(91888, 4177, 'Azure devops'),
(91889, 4177, 'Postman'),
(91890, 4177, 'Software'),
(91891, 4177, 'React'),
(91892, 4177, 'Management'),
(91893, 4177, 'Jira'),
(91894, 4177, 'Xml'),
(91895, 4177, 'Analyst'),
(91896, 4177, 'Javascript'),
(91897, 4177, 'React native'),
(91898, 4177, 'Devops'),
(91899, 4177, 'Communication'),
(91900, 4177, 'Jira'),
(91901, 4177, 'React'),
(91902, 4177, 'Postman'),
(91903, 4177, 'Sql'),
(91904, 4177, 'Regression testing'),
(91905, 4177, 'Javascript'),
(91906, 4177, 'business'),
(91907, 4177, 'analyst'),
(91908, 4178, 'Getx'),
(91909, 4178, 'Flutter'),
(91910, 4178, 'Java'),
(91911, 4178, 'Management'),
(91912, 4178, 'Git'),
(91913, 4178, 'Flutter'),
(91914, 4178, 'Software'),
(91915, 4178, 'Java'),
(91916, 4178, 'team'),
(91917, 4178, 'lead'),
(91918, 4179, 'Testing'),
(91919, 4179, 'Java'),
(91920, 4179, 'Mongodb'),
(91921, 4179, 'Dart'),
(91922, 4179, 'Javascript'),
(91923, 4179, 'Software'),
(91924, 4179, 'Xhtml'),
(91925, 4179, 'Management'),
(91926, 4179, 'Aws'),
(91927, 4179, 'Technology'),
(91928, 4179, 'Java'),
(91929, 4179, 'Python'),
(91930, 4179, 'Ui'),
(91931, 4179, 'Flutter'),
(91932, 4179, 'Node.js'),
(91933, 4179, 'React.js'),
(91934, 4179, 'Git'),
(91935, 4179, 'Firebase'),
(91936, 4179, 'Postman'),
(91937, 4179, 'Frontend'),
(91938, 4179, 'Science'),
(91939, 4179, 'Expressjs'),
(91940, 4179, 'Software'),
(91941, 4179, 'Flutter'),
(91942, 4179, 'Apis'),
(91943, 4179, 'Jquery');
INSERT INTO "public"."Skill" ("Id", "ResumeId", "SkillName") VALUES
(91944, 4179, 'Mysql'),
(91945, 4179, 'Teamwork'),
(91946, 4179, 'Jira'),
(91947, 4179, 'Javascript'),
(91948, 4179, 'Selenium'),
(91949, 4179, 'C programming'),
(91950, 4179, 'Dart'),
(91951, 4179, 'Express'),
(91952, 4179, 'Firebase'),
(91953, 4179, 'Backend'),
(91954, 4179, 'Mongodb'),
(91955, 4179, 'Selenium'),
(91956, 4179, 'Node.js'),
(91957, 4179, 'Rest api'),
(91958, 4179, 'Nodejs'),
(91959, 4179, 'Html'),
(91960, 4179, 'Sql'),
(91961, 4179, 'Aws'),
(91962, 4179, 'Python'),
(91963, 4179, 'Apis'),
(91964, 4179, 'Html'),
(91965, 4179, 'software'),
(91966, 4179, 'engineer'),
(91967, 4179, 'intern'),
(91968, 4180, 'Testing'),
(91969, 4180, 'Software'),
(91970, 4180, 'Analyst'),
(91971, 4180, 'Business analyst'),
(91972, 4180, 'Management'),
(91973, 4180, 'Data analytics'),
(91974, 4180, 'Testing'),
(91975, 4180, 'Technology'),
(91976, 4180, 'Devops'),
(91977, 4180, 'Jira'),
(91978, 4180, 'business'),
(91979, 4180, 'analyst'),
(91980, 4181, 'Testing'),
(91981, 4181, 'Typescript'),
(91982, 4181, 'Java'),
(91983, 4181, 'Javascript'),
(91984, 4181, 'Bug reporting'),
(91985, 4181, 'Xhtml'),
(91986, 4181, 'Management'),
(91987, 4181, 'Sql'),
(91988, 4181, 'Testing'),
(91989, 4181, 'Css'),
(91990, 4181, 'Git'),
(91991, 4181, 'Java'),
(91992, 4181, 'Python'),
(91993, 4181, 'Ms office'),
(91994, 4181, 'Ui'),
(91995, 4181, 'Business analyst'),
(91996, 4181, 'Git'),
(91997, 4181, 'Postman'),
(91998, 4181, 'Software'),
(91999, 4181, 'Jira'),
(92000, 4181, 'Management'),
(92001, 4181, 'Mysql'),
(92002, 4181, 'Javascript'),
(92003, 4181, 'Selenium'),
(92004, 4181, 'C programming'),
(92005, 4181, 'Analyst'),
(92006, 4181, 'Jira'),
(92007, 4181, 'Communication'),
(92008, 4181, 'Selenium'),
(92009, 4181, 'Postman'),
(92010, 4181, 'Sql'),
(92011, 4181, 'Regression testing'),
(92012, 4181, 'Python'),
(92013, 4181, 'Angular'),
(92014, 4181, 'Html'),
(92015, 4181, 'embedded'),
(92016, 4181, 'systems'),
(92017, 4181, 'engineer'),
(92018, 4182, 'Js'),
(92019, 4182, 'Javascript'),
(92020, 4182, 'Xhtml'),
(92021, 4182, 'Wordpress'),
(92022, 4182, 'Php'),
(92023, 4182, 'Css'),
(92024, 4182, 'Js'),
(92025, 4182, 'Python'),
(92026, 4182, 'C++'),
(92027, 4182, 'Ui'),
(92028, 4182, 'Html'),
(92029, 4182, 'Figma'),
(92030, 4182, 'Bootstrap'),
(92031, 4182, 'Figma'),
(92032, 4182, 'React.js'),
(92033, 4182, 'Node'),
(92034, 4182, 'Wordpress'),
(92035, 4182, 'Html'),
(92036, 4182, 'Frontend'),
(92037, 4182, 'Science'),
(92038, 4182, 'Expressjs'),
(92039, 4182, 'Data analytics'),
(92040, 4182, 'React'),
(92041, 4182, 'Mysql'),
(92042, 4182, 'Javascript'),
(92043, 4182, 'C programming'),
(92044, 4182, 'Technology'),
(92045, 4182, 'Backend'),
(92046, 4182, 'Science'),
(92047, 4182, 'Css'),
(92048, 4182, 'Mysql'),
(92049, 4182, 'React'),
(92050, 4182, 'Css'),
(92051, 4182, 'Wordpress'),
(92052, 4182, 'Bootstrap'),
(92053, 4182, 'Html'),
(92054, 4182, 'Sql'),
(92055, 4182, 'Js'),
(92056, 4182, 'Express'),
(92057, 4182, 'Php'),
(92058, 4182, 'frontend'),
(92059, 4182, 'developer'),
(92060, 4183, 'Js'),
(92061, 4183, 'Testing'),
(92062, 4183, 'Java'),
(92063, 4183, 'Dart'),
(92064, 4183, 'Xhtml'),
(92065, 4183, 'Management'),
(92066, 4183, 'Sql'),
(92067, 4183, 'Aws'),
(92068, 4183, 'Testing'),
(92069, 4183, 'Css'),
(92070, 4183, 'Git'),
(92071, 4183, 'Java'),
(92072, 4183, 'Python'),
(92073, 4183, 'Ui'),
(92074, 4183, 'Figma'),
(92075, 4183, 'Flutter'),
(92076, 4183, 'Figma'),
(92077, 4183, 'Git'),
(92078, 4183, 'Firebase'),
(92079, 4183, 'Debugging'),
(92080, 4183, 'Kotlin'),
(92081, 4183, 'Science'),
(92082, 4183, 'Ui designer'),
(92083, 4183, 'Kotlin'),
(92084, 4183, 'Flutter'),
(92085, 4183, 'Apis'),
(92086, 4183, 'Debugging'),
(92087, 4183, 'Getx'),
(92088, 4183, 'Dart'),
(92089, 4183, 'Getx'),
(92090, 4183, 'Firebase'),
(92091, 4183, 'Sql'),
(92092, 4183, 'Aws'),
(92093, 4183, 'Js'),
(92094, 4183, 'Python'),
(92095, 4183, 'Apis'),
(92096, 4183, 'Html'),
(92097, 4183, 'mobile'),
(92098, 4183, 'app'),
(92099, 4183, 'developer'),
(92100, 4184, 'Js'),
(92101, 4184, 'Testing'),
(92102, 4184, 'Java'),
(92103, 4184, 'Dart'),
(92104, 4184, 'Xhtml'),
(92105, 4184, 'Management'),
(92106, 4184, 'Sql'),
(92107, 4184, 'Aws'),
(92108, 4184, 'Testing'),
(92109, 4184, 'Css'),
(92110, 4184, 'Git'),
(92111, 4184, 'Java'),
(92112, 4184, 'Python'),
(92113, 4184, 'Ui'),
(92114, 4184, 'Figma'),
(92115, 4184, 'Flutter'),
(92116, 4184, 'Figma'),
(92117, 4184, 'Git'),
(92118, 4184, 'Firebase'),
(92119, 4184, 'Debugging'),
(92120, 4184, 'Kotlin'),
(92121, 4184, 'Science'),
(92122, 4184, 'Ui designer'),
(92123, 4184, 'Kotlin'),
(92124, 4184, 'Flutter'),
(92125, 4184, 'Apis'),
(92126, 4184, 'Debugging'),
(92127, 4184, 'Getx'),
(92128, 4184, 'Dart'),
(92129, 4184, 'Getx'),
(92130, 4184, 'Firebase'),
(92131, 4184, 'Sql'),
(92132, 4184, 'Aws'),
(92133, 4184, 'Js'),
(92134, 4184, 'Python'),
(92135, 4184, 'Apis'),
(92136, 4184, 'Html'),
(92137, 4184, 'mobile'),
(92138, 4184, 'app'),
(92139, 4184, 'developer'),
(92140, 4185, 'Js'),
(92141, 4185, 'Testing'),
(92142, 4185, 'Java'),
(92143, 4185, 'Dart'),
(92144, 4185, 'Xhtml'),
(92145, 4185, 'Management'),
(92146, 4185, 'Sql'),
(92147, 4185, 'Aws'),
(92148, 4185, 'Testing');
INSERT INTO "public"."Skill" ("Id", "ResumeId", "SkillName") VALUES
(92149, 4185, 'Css');
INSERT INTO "public"."Skill" ("Id", "ResumeId", "SkillName") VALUES
(92150, 4185, 'Git');
INSERT INTO "public"."Skill" ("Id", "ResumeId", "SkillName") VALUES
(92151, 4185, 'Java'),
(92152, 4185, 'Python'),
(92153, 4185, 'Ui'),
(92154, 4185, 'Figma'),
(92155, 4185, 'Flutter'),
(92156, 4185, 'Figma'),
(92157, 4185, 'Git'),
(92158, 4185, 'Firebase'),
(92159, 4185, 'Debugging'),
(92160, 4185, 'Kotlin'),
(92161, 4185, 'Science'),
(92162, 4185, 'Ui designer'),
(92163, 4185, 'Kotlin'),
(92164, 4185, 'Flutter'),
(92165, 4185, 'Apis'),
(92166, 4185, 'Debugging'),
(92167, 4185, 'Getx'),
(92168, 4185, 'Dart'),
(92169, 4185, 'Getx'),
(92170, 4185, 'Firebase'),
(92171, 4185, 'Sql'),
(92172, 4185, 'Aws'),
(92173, 4185, 'Js'),
(92174, 4185, 'Python'),
(92175, 4185, 'Apis'),
(92176, 4185, 'Html'),
(92177, 4185, 'mobile'),
(92178, 4185, 'app'),
(92179, 4185, 'developer'),
(92180, 4186, 'Js'),
(92181, 4186, 'Testing'),
(92182, 4186, 'Java'),
(92183, 4186, 'Dart'),
(92184, 4186, 'Xhtml'),
(92185, 4186, 'Management'),
(92186, 4186, 'Sql'),
(92187, 4186, 'Aws'),
(92188, 4186, 'Testing'),
(92189, 4186, 'Css'),
(92190, 4186, 'Git'),
(92191, 4186, 'Java'),
(92192, 4186, 'Python'),
(92193, 4186, 'Ui'),
(92194, 4186, 'Figma'),
(92195, 4186, 'Flutter'),
(92196, 4186, 'Figma'),
(92197, 4186, 'Git'),
(92198, 4186, 'Firebase'),
(92199, 4186, 'Debugging'),
(92200, 4186, 'Kotlin'),
(92201, 4186, 'Science'),
(92202, 4186, 'Ui designer'),
(92203, 4186, 'Kotlin'),
(92204, 4186, 'Flutter'),
(92205, 4186, 'Apis'),
(92206, 4186, 'Debugging'),
(92207, 4186, 'Getx'),
(92208, 4186, 'Dart'),
(92209, 4186, 'Getx'),
(92210, 4186, 'Firebase'),
(92211, 4186, 'Sql'),
(92212, 4186, 'Aws'),
(92213, 4186, 'Js'),
(92214, 4186, 'Python'),
(92215, 4186, 'Apis'),
(92216, 4186, 'Html'),
(92217, 4186, 'mobile'),
(92218, 4186, 'app'),
(92219, 4186, 'developer'),
(92220, 4187, 'Ui'),
(92221, 4187, 'Selenium'),
(92222, 4187, 'Testing'),
(92223, 4187, 'Ms excel'),
(92224, 4187, 'Java'),
(92225, 4187, 'Selenium'),
(92226, 4187, 'Jira'),
(92227, 4187, 'Software'),
(92228, 4187, 'Communication'),
(92229, 4187, 'Selenium'),
(92230, 4187, 'Bug reporting'),
(92231, 4187, 'Postman'),
(92232, 4187, 'Php'),
(92233, 4187, 'Science'),
(92234, 4187, 'Postman'),
(92235, 4187, 'Java'),
(92236, 4187, 'Jira'),
(92237, 4187, 'Management'),
(92238, 4187, 'quality'),
(92239, 4187, 'assurance'),
(92240, 4187, 'engineer'),
(92241, 4188, 'Js'),
(92242, 4188, 'Testing'),
(92243, 4188, 'Java'),
(92244, 4188, 'Dart'),
(92245, 4188, 'Xhtml'),
(92246, 4188, 'Management'),
(92247, 4188, 'Sql'),
(92248, 4188, 'Aws'),
(92249, 4188, 'Testing'),
(92250, 4188, 'Css'),
(92251, 4188, 'Git'),
(92252, 4188, 'Java'),
(92253, 4188, 'Python'),
(92254, 4188, 'Ui'),
(92255, 4188, 'Figma'),
(92256, 4188, 'Flutter'),
(92257, 4188, 'Figma'),
(92258, 4188, 'Git'),
(92259, 4188, 'Firebase'),
(92260, 4188, 'Debugging'),
(92261, 4188, 'Kotlin'),
(92262, 4188, 'Science'),
(92263, 4188, 'Ui designer'),
(92264, 4188, 'Kotlin'),
(92265, 4188, 'Flutter'),
(92266, 4188, 'Apis'),
(92267, 4188, 'Debugging'),
(92268, 4188, 'Getx'),
(92269, 4188, 'Dart'),
(92270, 4188, 'Getx'),
(92271, 4188, 'Firebase'),
(92272, 4188, 'Sql'),
(92273, 4188, 'Aws'),
(92274, 4188, 'Js'),
(92275, 4188, 'Python'),
(92276, 4188, 'Apis'),
(92277, 4188, 'Html'),
(92278, 4188, 'mobile'),
(92279, 4188, 'app'),
(92280, 4188, 'developer'),
(92281, 4189, 'Js'),
(92282, 4189, 'Testing'),
(92283, 4189, 'Java'),
(92284, 4189, 'Dart'),
(92285, 4189, 'Xhtml'),
(92286, 4189, 'Management'),
(92287, 4189, 'Sql'),
(92288, 4189, 'Aws'),
(92289, 4189, 'Testing'),
(92290, 4189, 'Css'),
(92291, 4189, 'Git'),
(92292, 4189, 'Java'),
(92293, 4189, 'Python'),
(92294, 4189, 'Ui'),
(92295, 4189, 'Figma'),
(92296, 4189, 'Flutter'),
(92297, 4189, 'Figma'),
(92298, 4189, 'Git'),
(92299, 4189, 'Firebase'),
(92300, 4189, 'Debugging'),
(92301, 4189, 'Kotlin'),
(92302, 4189, 'Science'),
(92303, 4189, 'Ui designer'),
(92304, 4189, 'Kotlin'),
(92305, 4189, 'Flutter'),
(92306, 4189, 'Apis'),
(92307, 4189, 'Debugging'),
(92308, 4189, 'Getx'),
(92309, 4189, 'Dart'),
(92310, 4189, 'Getx'),
(92311, 4189, 'Firebase'),
(92312, 4189, 'Sql'),
(92313, 4189, 'Aws'),
(92314, 4189, 'Js'),
(92315, 4189, 'Python'),
(92316, 4189, 'Apis'),
(92317, 4189, 'Html'),
(92318, 4189, 'mobile'),
(92319, 4189, 'app'),
(92320, 4189, 'developer'),
(92321, 4190, 'Js'),
(92322, 4190, 'Testing'),
(92323, 4190, 'Java'),
(92324, 4190, 'Dart'),
(92325, 4190, 'Xhtml'),
(92326, 4190, 'Management'),
(92327, 4190, 'Sql'),
(92328, 4190, 'Aws'),
(92329, 4190, 'Testing'),
(92330, 4190, 'Css'),
(92331, 4190, 'Git'),
(92332, 4190, 'Java'),
(92333, 4190, 'Python'),
(92334, 4190, 'Ui'),
(92335, 4190, 'Figma'),
(92336, 4190, 'Flutter'),
(92337, 4190, 'Figma'),
(92338, 4190, 'Git'),
(92339, 4190, 'Firebase'),
(92340, 4190, 'Debugging'),
(92341, 4190, 'Kotlin'),
(92342, 4190, 'Science'),
(92343, 4190, 'Ui designer'),
(92344, 4190, 'Kotlin'),
(92345, 4190, 'Flutter'),
(92346, 4190, 'Apis'),
(92347, 4190, 'Debugging'),
(92348, 4190, 'Getx'),
(92349, 4190, 'Dart'),
(92350, 4190, 'Getx'),
(92351, 4190, 'Firebase'),
(92352, 4190, 'Sql'),
(92353, 4190, 'Aws'),
(92354, 4190, 'Js'),
(92355, 4190, 'Python'),
(92356, 4190, 'Apis'),
(92357, 4190, 'Html'),
(92358, 4190, 'mobile'),
(92359, 4190, 'app'),
(92360, 4190, 'developer'),
(92361, 4191, 'Xhtml'),
(92362, 4191, 'Figma'),
(92363, 4191, 'Getx'),
(92364, 4191, 'Dart'),
(92365, 4191, 'Getx'),
(92366, 4191, 'Sql'),
(92367, 4191, 'Testing'),
(92368, 4191, 'Python'),
(92369, 4191, 'Debugging'),
(92370, 4191, 'Testing'),
(92371, 4191, 'Apis'),
(92372, 4191, 'Aws'),
(92373, 4191, 'Git'),
(92374, 4191, 'Ui'),
(92375, 4191, 'Aws'),
(92376, 4191, 'Science'),
(92377, 4191, 'Java'),
(92378, 4191, 'Apis'),
(92379, 4191, 'Firebase'),
(92380, 4191, 'Flutter'),
(92381, 4191, 'Management'),
(92382, 4191, 'Kotlin'),
(92383, 4191, 'Java'),
(92384, 4191, 'Firebase'),
(92385, 4191, 'Python'),
(92386, 4191, 'Figma'),
(92387, 4191, 'Js'),
(92388, 4191, 'Html'),
(92389, 4191, 'Dart'),
(92390, 4191, 'Debugging'),
(92391, 4191, 'Css'),
(92392, 4191, 'Kotlin'),
(92393, 4191, 'Ui designer'),
(92394, 4191, 'Git'),
(92395, 4191, 'Sql'),
(92396, 4191, 'Js'),
(92397, 4191, 'Flutter'),
(92398, 4191, 'mobile'),
(92399, 4191, 'app'),
(92400, 4191, 'developer'),
(92401, 4192, 'Xhtml'),
(92402, 4192, 'Figma'),
(92403, 4192, 'Getx'),
(92404, 4192, 'Dart'),
(92405, 4192, 'Getx'),
(92406, 4192, 'Sql'),
(92407, 4192, 'Testing'),
(92408, 4192, 'Python'),
(92409, 4192, 'Debugging'),
(92410, 4192, 'Testing'),
(92411, 4192, 'Apis'),
(92412, 4192, 'Aws'),
(92413, 4192, 'Git'),
(92414, 4192, 'Ui'),
(92415, 4192, 'Aws'),
(92416, 4192, 'Science'),
(92417, 4192, 'Java'),
(92418, 4192, 'Apis'),
(92419, 4192, 'Firebase'),
(92420, 4192, 'Flutter'),
(92421, 4192, 'Management'),
(92422, 4192, 'Kotlin'),
(92423, 4192, 'Java'),
(92424, 4192, 'Firebase'),
(92425, 4192, 'Python'),
(92426, 4192, 'Figma'),
(92427, 4192, 'Js'),
(92428, 4192, 'Html'),
(92429, 4192, 'Dart'),
(92430, 4192, 'Debugging'),
(92431, 4192, 'Css'),
(92432, 4192, 'Kotlin'),
(92433, 4192, 'Ui designer'),
(92434, 4192, 'Git'),
(92435, 4192, 'Sql'),
(92436, 4192, 'Js'),
(92437, 4192, 'Flutter'),
(92438, 4192, 'mobile'),
(92439, 4192, 'app'),
(92440, 4192, 'developer'),
(92441, 4193, 'Xhtml'),
(92442, 4193, 'Figma'),
(92443, 4193, 'Getx'),
(92444, 4193, 'Dart'),
(92445, 4193, 'Getx'),
(92446, 4193, 'Sql'),
(92447, 4193, 'Testing'),
(92448, 4193, 'Python'),
(92449, 4193, 'Debugging'),
(92450, 4193, 'Testing'),
(92451, 4193, 'Apis'),
(92452, 4193, 'Aws'),
(92453, 4193, 'Git'),
(92454, 4193, 'Ui'),
(92455, 4193, 'Aws'),
(92456, 4193, 'Science'),
(92457, 4193, 'Java'),
(92458, 4193, 'Apis'),
(92459, 4193, 'Firebase'),
(92460, 4193, 'Flutter'),
(92461, 4193, 'Management'),
(92462, 4193, 'Kotlin'),
(92463, 4193, 'Java'),
(92464, 4193, 'Firebase'),
(92465, 4193, 'Python'),
(92466, 4193, 'Figma'),
(92467, 4193, 'Js'),
(92468, 4193, 'Html'),
(92469, 4193, 'Dart'),
(92470, 4193, 'Debugging'),
(92471, 4193, 'Css'),
(92472, 4193, 'Kotlin'),
(92473, 4193, 'Ui designer'),
(92474, 4193, 'Git'),
(92475, 4193, 'Sql'),
(92476, 4193, 'Js'),
(92477, 4193, 'Flutter'),
(92478, 4193, 'mobile'),
(92479, 4193, 'app'),
(92480, 4193, 'developer');

INSERT INTO "public"."User" ("UserId", "UserName", "Email", "Password", "RoleId", "LastLogin", "CreatedDate", "UpdatedDate", "Status") VALUES
(3, 'example_user', 'user@example.com', 'password123', 1, '2024-04-08 06:57:18.145461', '2024-04-08 06:57:18.145461', '2024-04-08 06:57:18.145461', 't');
INSERT INTO "public"."User" ("UserId", "UserName", "Email", "Password", "RoleId", "LastLogin", "CreatedDate", "UpdatedDate", "Status") VALUES
(1, 'JohnDoe', 'john@example.com', 'password123', 1, '2024-04-08 09:27:32.587519', '2024-04-08 09:27:32.587519', '2024-04-08 09:27:32.587519', 't');
INSERT INTO "public"."User" ("UserId", "UserName", "Email", "Password", "RoleId", "LastLogin", "CreatedDate", "UpdatedDate", "Status") VALUES
(2, 'JaneSmith', 'jane@example.com', 'password456', 1, '2024-04-08 09:27:32.587519', '2024-04-08 09:27:32.587519', '2024-04-08 09:27:32.587519', 't');
INSERT INTO "public"."User" ("UserId", "UserName", "Email", "Password", "RoleId", "LastLogin", "CreatedDate", "UpdatedDate", "Status") VALUES
(4, 'AliceJohnson', 'alice@example.com', 'password789', 1, '2024-04-08 09:27:32.587519', '2024-04-08 09:27:32.587519', '2024-04-08 09:27:32.587519', 'f'),
(51, 'User51', 'user51@example.com', 'password51', 1, '2024-04-08 09:41:48.422826', '2024-04-08 09:41:48.422826', '2024-04-08 09:41:48.422826', 't'),
(52, 'User52', 'user52@example.com', 'password52', 1, '2024-04-08 09:41:48.422826', '2024-04-08 09:41:48.422826', '2024-04-08 09:41:48.422826', 't'),
(53, 'User53', 'user53@example.com', 'password53', 1, '2024-04-08 09:41:48.422826', '2024-04-08 09:41:48.422826', '2024-04-08 09:41:48.422826', 'f'),
(54, 'User54', 'user54@example.com', 'password54', 1, '2024-04-08 09:41:48.422826', '2024-04-08 09:41:48.422826', '2024-04-08 09:41:48.422826', 't'),
(55, 'User55', 'user55@example.com', 'password55', 1, '2024-04-08 09:41:48.422826', '2024-04-08 09:41:48.422826', '2024-04-08 09:41:48.422826', 't'),
(56, 'User56', 'user56@example.com', 'password56', 1, '2024-04-08 09:41:48.422826', '2024-04-08 09:41:48.422826', '2024-04-08 09:41:48.422826', 'f'),
(57, 'User57', 'user57@example.com', 'password57', 1, '2024-04-08 09:41:48.422826', '2024-04-08 09:41:48.422826', '2024-04-08 09:41:48.422826', 't'),
(58, 'User58', 'user58@example.com', 'password58', 1, '2024-04-08 09:41:48.422826', '2024-04-08 09:41:48.422826', '2024-04-08 09:41:48.422826', 't'),
(59, 'User59', 'user59@example.com', 'password59', 1, '2024-04-08 09:41:48.422826', '2024-04-08 09:41:48.422826', '2024-04-08 09:41:48.422826', 'f'),
(60, 'User60', 'user60@example.com', 'password60', 1, '2024-04-08 09:41:48.422826', '2024-04-08 09:41:48.422826', '2024-04-08 09:41:48.422826', 't'),
(61, 'User61', 'user61@example.com', 'password61', 1, '2024-04-08 09:41:48.422826', '2024-04-08 09:41:48.422826', '2024-04-08 09:41:48.422826', 't'),
(62, 'User62', 'user62@example.com', 'password62', 1, '2024-04-08 09:41:48.422826', '2024-04-08 09:41:48.422826', '2024-04-08 09:41:48.422826', 'f'),
(63, 'User63', 'user63@example.com', 'password63', 1, '2024-04-08 09:41:48.422826', '2024-04-08 09:41:48.422826', '2024-04-08 09:41:48.422826', 't'),
(64, 'User64', 'user64@example.com', 'password64', 1, '2024-04-08 09:41:48.422826', '2024-04-08 09:41:48.422826', '2024-04-08 09:41:48.422826', 't'),
(65, 'User65', 'user65@example.com', 'password65', 1, '2024-04-08 09:41:48.422826', '2024-04-08 09:41:48.422826', '2024-04-08 09:41:48.422826', 'f'),
(66, 'User66', 'user66@example.com', 'password66', 1, '2024-04-08 09:41:48.422826', '2024-04-08 09:41:48.422826', '2024-04-08 09:41:48.422826', 't'),
(67, 'User67', 'user67@example.com', 'password67', 1, '2024-04-08 09:41:48.422826', '2024-04-08 09:41:48.422826', '2024-04-08 09:41:48.422826', 't'),
(68, 'User68', 'user68@example.com', 'password68', 1, '2024-04-08 09:41:48.422826', '2024-04-08 09:41:48.422826', '2024-04-08 09:41:48.422826', 'f'),
(69, 'User69', 'user69@example.com', 'password69', 1, '2024-04-08 09:41:48.422826', '2024-04-08 09:41:48.422826', '2024-04-08 09:41:48.422826', 't'),
(70, 'User70', 'user70@example.com', 'password70', 1, '2024-04-08 09:41:48.422826', '2024-04-08 09:41:48.422826', '2024-04-08 09:41:48.422826', 't'),
(25, 'armss', 'armss@gmail.com', 'c6e85b332d300ab4d5980c5e54c16ef1061c6ea1dc00a7d5e5d356709158bf6e', 1, '2024-04-30 07:11:55.921383', '2024-04-30 07:11:55.921383', '2024-04-30 07:11:55.921383', 't'),
(26, 'armss', 'armss1@gmail.com', 'c6e85b332d300ab4d5980c5e54c16ef1061c6ea1dc00a7d5e5d356709158bf6e', 1, '2024-04-30 10:13:41.999762', '2024-04-30 10:13:41.999762', '2024-04-30 10:13:41.999762', 't'),
(27, 'armss', 'armss1@gmail.com', 'c6e85b332d300ab4d5980c5e54c16ef1061c6ea1dc00a7d5e5d356709158bf6e', 1, '2024-04-30 10:13:44.363964', '2024-04-30 10:13:44.363964', '2024-04-30 10:13:44.363964', 't');

INSERT INTO "public"."WorkExperience" ("Id", "ResumeId", "CompanyName", "DepName", "Role", "StartDate", "EndDate", "Location", "IsCurrentJob", "Details", "duration") VALUES
(7803, 4106, 'unknown', 'unknown', 'customer support executive', 'BrightCHAMPS
10', 'feb 2023', 'new delhi', 't', 'NA', NULL);
INSERT INTO "public"."WorkExperience" ("Id", "ResumeId", "CompanyName", "DepName", "Role", "StartDate", "EndDate", "Location", "IsCurrentJob", "Details", "duration") VALUES
(7806, 4108, 'unknown', 'unknown', 'business consultant', 'mar 2021', 'present', 'lucknow', 't', 'NA', NULL);
INSERT INTO "public"."WorkExperience" ("Id", "ResumeId", "CompanyName", "DepName", "Role", "StartDate", "EndDate", "Location", "IsCurrentJob", "Details", "duration") VALUES
(7807, 4108, 'unknown', 'unknown', 'vendor resources', 'jun 2015', 'aug 2017', 'faridabad', 'f', 'NA', NULL);
INSERT INTO "public"."WorkExperience" ("Id", "ResumeId", "CompanyName", "DepName", "Role", "StartDate", "EndDate", "Location", "IsCurrentJob", "Details", "duration") VALUES
(7808, 4108, 'unknown', 'unknown', 'business solutions specialist', 'oct 2020', 'mar 2021', 'lucknow', 'f', 'NA', NULL),
(7809, 4108, 'unknown', 'unknown', 'business analyst', 'aug 2018', 'sep 2020', 'jaipur', 'f', 'NA', NULL),
(7810, 4110, 'unknown', 'unknown', 'punjab app developer', '8427', '7917', 'gurgaon', 't', 'NA', NULL),
(7811, 4110, 'unknown', 'unknown', 'app developer', 'nihalsharma13', '27', 'new delhi', 'f', 'NA', NULL),
(7812, 4111, 'unknown', 'unknown', 'responsibilities web designer', '20', '20', 'jaipur', 'f', 'NA', NULL),
(7813, 4112, 'unknown', 'unknown', 'product manager', 'jan 2022', 'present', 'jaipur', 't', 'NA', NULL),
(7814, 4113, 'unknown', 'unknown', 'flutter developer', 'oct 2020', 'may 2022', 'jaipur', 't', 'NA', NULL),
(7815, 4113, 'unknown', 'unknown', 'pvt.ltd android developer', '', '', 'faridabad', 'f', 'NA', NULL),
(7816, 4113, 'unknown', 'unknown', 'jr.android/flutter developer', 'april 2020', 'aug 2020', 'gurugram', 'f', 'NA', NULL),
(7817, 4115, 'unknown', 'unknown', 'pvt ltd manager', '4751', '1516', 'new delhi', 'f', 'NA', NULL),
(7818, 4115, 'unknown', 'unknown', 'software engineer feb12', 'DM64', '46', 'new delhi', 'f', 'NA', NULL),
(7819, 4115, 'unknown', 'unknown', 'lead product', 'University 2005', '2009', 'new delhi', 'f', 'NA', NULL),
(7820, 4115, 'unknown', 'unknown', 'resources weapons', 'June10', 'Feb12', 'jaipur', 'f', 'NA', NULL),
(7821, 4116, 'unknown', 'unknown', 'email production developer', '2020', '2021', 'gurgaon', 't', 'NA', NULL),
(7822, 4117, 'unknown', 'unknown', 'month internship', 'Dec 2018', 'March 2019', 'mumbai', 'f', 'NA', NULL),
(7823, 4117, 'unknown', 'unknown', 'flutter developer csio', 'Dec 2021', 'March 2022', 'gurugram', 't', 'NA', NULL),
(7824, 4118, 'unknown', 'unknown', 'flutter app developer', '', '', 'meerut', 'f', 'NA', NULL),
(7825, 4118, 'unknown', 'unknown', 'flutter developer internship', '20', '23', 'delhi', 'f', 'NA', NULL),
(7826, 4118, 'unknown', 'unknown', 'app developer internship', '', '', 'new delhi', 'f', 'NA', NULL),
(7827, 4119, 'unknown', 'unknown', 'automation engineer', 'jun 20', '21', 'delhi', 'f', 'NA', NULL),
(7828, 4119, 'unknown', 'unknown', 'mindtree quality engineer', 'feb 20', '23', 'noida', 'f', 'NA', NULL),
(7829, 4119, 'unknown', 'unknown', 'test automation engineer', 'oct 20', '21', 'new delhi', 'f', 'NA', NULL),
(7830, 4120, 'unknown', 'unknown', 'flutter developer feb', 'feb 2023', 'present', 'jaipur', 't', 'NA', NULL),
(7831, 4121, 'unknown', 'unknown', 'developer desktop', 'maret 2017', 'may 2018', 'gurugram', 'f', 'NA', NULL),
(7832, 4121, 'unknown', 'unknown', 'developer internship', 'january 2020', 'march 2020', 'mumbai', 'f', 'NA', NULL),
(7833, 4121, 'unknown', 'unknown', 'developer freelance', 'april 2020', 'december 2020', 'pune', 't', 'NA', NULL),
(7834, 4121, 'unknown', 'unknown', 'android developer', 'january 2019', 'april 2020', 'noida', 'f', 'NA', NULL),
(7835, 4122, 'unknown', 'unknown', 'engineer vedanta sesa ltd |', '', '', 'patiala', 'f', 'NA', NULL),
(7836, 4122, 'unknown', 'unknown', ' coordinator', 'july 2019', 'march 2022', 'patiala', 'f', 'NA', NULL),
(7837, 4122, 'unknown', 'unknown', 'front end developer', 'sep 20', '22', 'delhi', 'f', 'NA', NULL),
(7838, 4123, 'unknown', 'unknown', 'flutter developer', 'id166947', '9753', 'mumbai', 't', 'NA', NULL),
(7839, 4123, 'unknown', 'unknown', 'flutter developer aug', 'sept 2022', 'feb 2023', 'jaipur', 'f', 'NA', NULL),
(7840, 4124, 'unknown', 'unknown', 'specialist ', 'jun 2019', 'dec 2020', 'bangalore', 'f', 'NA', NULL),
(7841, 4124, 'unknown', 'unknown', 'product manager', 'dec 2020', 'present', 'noida', 't', 'NA', NULL),
(7842, 4125, 'unknown', 'unknown', 'lead organizer', '3240', '09', 'bangalore', 'f', 'NA', NULL),
(7843, 4125, 'unknown', 'unknown', 'employment flutter developer', 'Jun 2023', 'Present', 'meerut', 't', 'NA', NULL),
(7844, 4125, 'unknown', 'unknown', 'developer student', 'than 50', '00', 'noida', 'f', 'NA', NULL),
(7845, 4125, 'unknown', 'unknown', 'intern ministry', '91', '6376', 'new delhi', 'f', 'NA', NULL),
(7846, 4126, 'unknown', 'unknown', 'lead organizer', '3240', '09', 'meerut', 'f', 'NA', NULL),
(7847, 4126, 'unknown', 'unknown', 'employment flutter developer', 'Jun 2023', 'Present', 'jaipur', 't', 'NA', NULL),
(7848, 4126, 'unknown', 'unknown', 'developer student', 'than 50', '00', 'gurugram', 'f', 'NA', NULL),
(7849, 4126, 'unknown', 'unknown', 'intern ministry', '91', '6376', 'meerut', 'f', 'NA', NULL),
(7850, 4127, 'unknown', 'unknown', 'team lead', '20', '18', 'bangalore', 'f', 'NA', NULL),
(7851, 4127, 'unknown', 'unknown', 'india | associate', '9841', '5756', 'meerut', 'f', 'NA', NULL),
(7852, 4127, 'unknown', 'unknown', 'senior program manager', '', '', 'pune', 'f', 'NA', NULL),
(7853, 4127, 'unknown', 'unknown', '| test lead', 'ISO 200', '00', 'mumbai', 'f', 'NA', NULL),
(7854, 4127, 'unknown', 'unknown', '| engineering manager', '404', 'b581', 'jaipur', 'f', 'NA', NULL),
(7855, 4127, 'unknown', 'unknown', '| project manager', '', '', 'hyderabad', 'f', 'NA', NULL),
(7856, 4127, 'unknown', 'unknown', 'associate project manager', '', '', 'jaipur', 'f', 'NA', NULL),
(7857, 4127, 'unknown', 'unknown', '| software engineer', '', '', 'meerut', 'f', 'NA', NULL),
(7858, 4129, 'unknown', 'unknown', 'software developer', 'In 20', '14', 'new delhi', 'f', 'NA', NULL),
(7859, 4130, 'unknown', 'unknown', 'developer august', 'december 2021', 'august,2023', 'mumbai', 'f', 'NA', NULL),
(7860, 4131, 'unknown', 'unknown', 'non_ performer engineer', 'serve 450', '00', 'new delhi', 'f', 'NA', NULL),
(7861, 4131, 'unknown', 'unknown', 'jio fiber engineer', 'anurag120', '08', 'patiala', 'f', 'NA', NULL),
(7862, 4132, 'unknown', 'unknown', 'testing expert', '20', '17', 'pune', 'f', 'NA', NULL),
(7863, 4132, 'unknown', 'unknown', 'associate qa working', '2020', '30', 'chandigarh', 'f', 'NA', NULL),
(7864, 4132, 'unknown', 'unknown', 'test engineer', '2017', '30', 'patiala', 'f', 'NA', NULL),
(7865, 4133, 'unknown', 'unknown', 'qa test engineer', '91', '9520', 'gurugram', 't', 'NA', NULL),
(7866, 4134, 'unknown', 'unknown', 'lead flutter intern', '', '', 'patiala', 'f', 'NA', NULL),
(7867, 4134, 'unknown', 'unknown', 'work  lead', 'september22', ' october22', 'gurgaon', 'f', 'NA', NULL),
(7868, 4135, 'unknown', 'unknown', ' software engineer', '2021', 'current', 'gurgaon', 't', 'NA', NULL),
(7869, 4136, 'unknown', 'unknown', 'software test engineer', '12', '2019', 'chandigarh', 't', 'NA', NULL),
(7870, 4137, 'unknown', 'unknown', 'software engineer description', 'july 2017', 'july 2021', 'jaipur', 't', 'NA', NULL),
(7871, 4137, 'unknown', 'unknown', 'software engineer', 'july 20', '22', 'pune', 'f', 'NA', NULL),
(7872, 4138, 'unknown', 'unknown', 'desktop support engineer', '5954', '2913', 'gurgaon', 't', 'NA', NULL),
(7873, 4139, 'unknown', 'unknown', ' web developer', '2018', 'current', 'meerut', 't', 'NA', NULL),
(7874, 4140, 'unknown', 'unknown', 'web developer intern', '91', '7974', 'lucknow', 't', 'NA', NULL);
INSERT INTO "public"."WorkExperience" ("Id", "ResumeId", "CompanyName", "DepName", "Role", "StartDate", "EndDate", "Location", "IsCurrentJob", "Details", "duration") VALUES
(7875, 4140, 'unknown', 'unknown', 'history flutter developer', 'chiragsahu20', '20', 'jaipur', 'f', 'NA', NULL),
(7876, 4141, 'unknown', 'unknown', 'product manager oct', '2022', '2024', 'delhi', 't', 'NA', NULL),
(7877, 4141, 'unknown', 'unknown', 'https://public.tableau.com/app/profile/chirag.singh2618 product manager', 'singh26', '18', 'jaipur', 'f', 'NA', NULL),
(7878, 4141, 'unknown', 'unknown', 'organizing coordinator', '7055', '7777', 'mumbai', 'f', 'NA', NULL),
(7879, 4141, 'unknown', 'unknown', 'lead analyst feb', '2022', '2024', 'bangalore', 'f', 'NA', NULL),
(7880, 4141, 'unknown', 'unknown', 'data analyst', 'Oct 2022', 'Present', 'gurugram', 't', 'NA', NULL),
(7881, 4142, 'unknown', 'unknown', 'goel quality analyst', '1350', '01', 'hyderabad', 'f', 'NA', NULL),
(7882, 4143, 'unknown', 'unknown', 'junior software engineer', '91', '7982', 'faridabad', 't', 'NA', NULL),
(7883, 4144, 'unknown', 'unknown', 'software developer', '', '', 'jaipur', 'f', 'NA', NULL),
(7884, 4145, 'unknown', 'unknown', 'software test engineer', '2012', '2014', 'jaipur', 't', 'NA', NULL),
(7885, 4146, 'unknown', 'unknown', 'quality analyst', '4213', '03', 'mumbai', 'f', 'NA', NULL),
(7886, 4146, 'unknown', 'unknown', 'software test engineer', '20', '18', 'delhi', 'f', 'NA', NULL),
(7887, 4147, 'unknown', 'unknown', 'years development engineer', 'Sept20', '08', 'faridabad', 'f', 'NA', NULL),
(7888, 4147, 'unknown', 'unknown', 'years senior engineer', '511', '84', 'new delhi', 'f', 'NA', NULL),
(7889, 4147, 'unknown', 'unknown', 'years associate manager', 'from 2700', '600', 'jaipur', 'f', 'NA', NULL),
(7890, 4147, 'unknown', 'unknown', 'associate manager', 'ISO90', '01', 'noida', 'f', 'NA', NULL),
(7891, 4148, 'unknown', 'unknown', 'qa engineer', 'mar2019', 'mar23', 'jaipur', 't', 'NA', NULL),
(7892, 4148, 'unknown', 'unknown', 'engineer practo work ', '', '', 'gurgaon', 'f', 'NA', NULL),
(7893, 4148, 'unknown', 'unknown', 'qa engineer sr', 'aug15', 'aug18', 'gurugram', 'f', 'NA', NULL),
(7894, 4148, 'unknown', 'unknown', 'product manager', 'sept18', 'feb19', 'pune', 'f', 'NA', NULL),
(7895, 4149, 'unknown', 'unknown', 'sr frontend developer', '8031', '11', 'jaipur', 'f', 'NA', NULL),
(7896, 4149, 'unknown', 'unknown', 'html developer html5', 'June 20', '21', 'bangalore', 'f', 'NA', NULL),
(7897, 4149, 'unknown', 'unknown', 'ui developer html5,css3,sass', ', 7294', '9156', 'hyderabad', 'f', 'NA', NULL),
(7898, 4150, 'unknown', 'unknown', 'quality analyst', 'june 2015', 'march 2019', 'new delhi', 'f', 'NA', NULL),
(7899, 4150, 'unknown', 'unknown', 'data analyst', 'february 2013', 'june 2015', 'gurgaon', 'f', 'NA', NULL),
(7900, 4150, 'unknown', 'unknown', 'software test engineer', 'february 2019', 'present', 'gurgaon', 't', 'NA', NULL),
(7901, 4151, 'unknown', 'unknown', 'operations manager', 'june 2018', 'february 2023', 'noida', 't', 'NA', NULL),
(7902, 4151, 'unknown', 'unknown', 'assistant manager', 'august 2015', 'december 2015', 'hyderabad', 'f', 'NA', NULL),
(7903, 4151, 'unknown', 'unknown', 'issues process associate', 'january 2012', 'july 2015', 'bangalore', 'f', 'NA', NULL),
(7904, 4151, 'unknown', 'unknown', 'lead product', '', '', 'gurugram', 'f', 'NA', NULL),
(7905, 4151, 'unknown', 'unknown', 'product manager', 'february 2023', 'present', 'gurugram', 't', 'NA', NULL),
(7906, 4152, 'unknown', 'unknown', 'lead meetings', '2025', '05', 'faridabad', 'f', 'NA', NULL),
(7907, 4152, 'unknown', 'unknown', 'lead sprint planning', '', '', 'patiala', 'f', 'NA', NULL),
(7908, 4152, 'unknown', 'unknown', 'business development executive', '', '', 'chandigarh', 'f', 'NA', NULL),
(7909, 4152, 'unknown', 'unknown', 'ltd project coordinator', '', '', 'meerut', 'f', 'NA', NULL),
(7910, 4152, 'unknown', 'unknown', 'administrator university', '', '', 'noida', 'f', 'NA', NULL),
(7911, 4152, 'unknown', 'unknown', 'operations lead', '32', ', 33', 'jaipur', 'f', 'NA', NULL),
(7912, 4152, 'unknown', 'unknown', 'lead sprint', '2019', '11', 'gurugram', 'f', 'NA', NULL),
(7913, 4152, 'unknown', 'unknown', 'owner business analyst', '', '', 'pune', 'f', 'NA', NULL),
(7914, 4152, 'unknown', 'unknown', 'management project coordinator', '', '', 'jaipur', 'f', 'NA', NULL),
(7915, 4153, 'unknown', 'unknown', 'vyam internship', 'mar 2022', 'may 2022', 'delhi', 't', 'NA', NULL),
(7916, 4153, 'unknown', 'unknown', 'linkusol technologies internship', '', '', 'pune', 'f', 'NA', NULL),
(7917, 4153, 'unknown', 'unknown', 'android developer', 'jun 2022', 'sep 2022', 'jaipur', 'f', 'NA', NULL),
(7918, 4154, 'unknown', 'unknown', 'expressway trainee engineer', '', '', 'new delhi', 'f', 'NA', NULL),
(7919, 4154, 'unknown', 'unknown', 'trainee engineer ayesha ingenieria y arquitectura s.a.u', '', '', 'bangalore', 'f', 'NA', NULL),
(7920, 4154, 'unknown', 'unknown', 'designing trainee engineer', '', '', 'mumbai', 'f', 'NA', NULL),
(7921, 4154, 'unknown', 'unknown', ' trainee engineer', '', '', 'bangalore', 'f', 'NA', NULL),
(7922, 4155, 'unknown', 'unknown', 'product manager lead', 'from 10', '12', 'gurugram', 'f', 'NA', NULL),
(7923, 4155, 'unknown', 'unknown', 'premba tcs consultant', '20', '10', 'mumbai', 'f', 'NA', NULL),
(7924, 4155, 'unknown', 'unknown', 'senior business analyst', '10', '2014', 'bangalore', 'f', 'NA', NULL),
(7925, 4155, 'unknown', 'unknown', 'consultant | deepakchutani11@gmail.com|', '8860', '1504', 'noida', 'f', 'NA', NULL),
(7926, 4155, 'unknown', 'unknown', 'business analyst spearheaded', '2017', '2019', 'mumbai', 'f', 'NA', NULL),
(7927, 4156, 'unknown', 'unknown', 'stack web developer', 'June 2023', 'June 2023', 'faridabad', 't', 'NA', NULL),
(7928, 4157, 'unknown', 'unknown', 'months product analyst', 'Award 20', '23', 'noida', 'f', 'NA', NULL),
(7929, 4157, 'unknown', 'unknown', '| marketing associate', '20', '18', 'jaipur', 'f', 'NA', NULL),
(7930, 4157, 'unknown', 'unknown', 'b product manager', 'Q2 20', '23', 'bangalore', 'f', 'NA', NULL),
(7931, 4158, 'unknown', 'unknown', 'stack web developer', 'June 2023', 'June 2023', 'chandigarh', 't', 'NA', NULL),
(7932, 4159, 'unknown', 'unknown', 'stack web developer', 'June 2023', 'June 2023', 'meerut', 't', 'NA', NULL),
(7933, 4160, 'unknown', 'unknown', 'stack web developer', 'June 2023', 'June 2023', 'bangalore', 't', 'NA', NULL),
(7934, 4161, 'unknown', 'unknown', 'associate qa', '19', '89', 'chandigarh', 'f', 'NA', NULL),
(7935, 4161, 'unknown', 'unknown', 'senior technical analyst', '', '', 'gurugram', 'f', 'NA', NULL),
(7936, 4161, 'unknown', 'unknown', 'senior test engineer', '', '', 'gurgaon', 'f', 'NA', NULL),
(7937, 4161, 'unknown', 'unknown', 'content strategist organization', 'Birth 07', '01', 'bangalore', 'f', 'NA', NULL),
(7938, 4161, 'unknown', 'unknown', 'l1 team lead', '', '', 'jaipur', 'f', 'NA', NULL),
(7939, 4162, 'unknown', 'unknown', 'chaubey web developer', 'July2019', 'August2023', 'jaipur', 't', 'NA', NULL),
(7940, 4164, 'unknown', 'unknown', ' training internship', 'deependrasingh25', '30', 'gurugram', 'f', 'NA', NULL),
(7941, 4165, 'unknown', 'unknown', 'technologies web developer', '', '', 'gurgaon', 'f', 'NA', NULL),
(7942, 4166, 'unknown', 'unknown', 'ltd. software engineer', 'feb 2022', 'dec 2022', 'mumbai', 't', 'NA', NULL),
(7943, 4167, 'unknown', 'unknown', '| application developer', 'jan21', 'present', 'noida', 't', 'NA', NULL),
(7944, 4168, 'unknown', 'unknown', 'internship software developer intern credex', '', '', 'gurgaon', 'f', 'NA', NULL),
(7945, 4168, 'unknown', 'unknown', 'associate software', 'jEN 2023', 'July 2023', 'lucknow', 'f', 'NA', NULL),
(7946, 4168, 'unknown', 'unknown', 'software developer intern', '', '', 'jaipur', 'f', 'NA', NULL);
INSERT INTO "public"."WorkExperience" ("Id", "ResumeId", "CompanyName", "DepName", "Role", "StartDate", "EndDate", "Location", "IsCurrentJob", "Details", "duration") VALUES
(7947, 4168, 'unknown', 'unknown', 'associate software developer', '', '', 'gurugram', 'f', 'NA', NULL);
INSERT INTO "public"."WorkExperience" ("Id", "ResumeId", "CompanyName", "DepName", "Role", "StartDate", "EndDate", "Location", "IsCurrentJob", "Details", "duration") VALUES
(7948, 4168, 'unknown', 'unknown', 'internship software developer', '', '', 'new delhi', 'f', 'NA', NULL);
INSERT INTO "public"."WorkExperience" ("Id", "ResumeId", "CompanyName", "DepName", "Role", "StartDate", "EndDate", "Location", "IsCurrentJob", "Details", "duration") VALUES
(7949, 4168, 'unknown', 'unknown', 'associate software developer education secondary school engineers point', '', '', 'hyderabad', 'f', 'NA', NULL),
(7950, 4169, 'unknown', 'unknown', 'javanptel php developer', '', '', 'new delhi', 'f', 'NA', NULL),
(7951, 4170, 'unknown', 'unknown', 'flutter developer intern', '2023', 'present', 'pune', 't', 'NA', NULL),
(7952, 4171, 'unknown', 'unknown', 'software quality analyst', '', '', 'mumbai', 'f', 'NA', NULL),
(7953, 4171, 'unknown', 'unknown', 'associate software engineer', '', '', 'faridabad', 'f', 'NA', NULL),
(7954, 4171, 'unknown', 'unknown', 'engineer product support', '', '', 'gurugram', 'f', 'NA', NULL),
(7955, 4172, 'unknown', 'unknown', 'sr team lead', 'july 20', '19', 'mumbai', 'f', 'NA', NULL),
(7956, 4172, 'unknown', 'unknown', 'software test engineer', 'march 2015', 'june 2018', 'mumbai', 'f', 'NA', NULL),
(7957, 4173, 'unknown', 'unknown', 'period test engineer', '2014', '03', 'gurgaon', 'f', 'NA', NULL),
(7958, 4173, 'unknown', 'unknown', 'vyshnavi test engineer', '20', '14', 'bangalore', 'f', 'NA', NULL),
(7959, 4173, 'unknown', 'unknown', 'functional test engineer', '2016', '09', 'jaipur', 'f', 'NA', NULL),
(7960, 4174, 'unknown', 'unknown', 'trainee software engineer kiwitech mar', '', '', 'gurugram', 'f', 'NA', NULL),
(7961, 4174, 'unknown', 'unknown', 'trainee software engineer', 'sep 2022', 'present', 'meerut', 't', 'NA', NULL),
(7962, 4174, 'unknown', 'unknown', 'software engineer kiwitech', 'mar 2022', 'aug 2022', 'hyderabad', 'f', 'NA', NULL),
(7963, 4175, 'unknown', 'unknown', 'stack web developer', 'June 2023', 'June 2023', 'noida', 't', 'NA', NULL),
(7964, 4176, 'unknown', 'unknown', 'product manager', 'january 2022', 'october 2022', 'new delhi', 't', 'NA', NULL),
(7965, 4177, 'unknown', 'unknown', 'test engineer technology', '', '', 'gurugram', 'f', 'NA', NULL),
(7966, 4177, 'unknown', 'unknown', 'business analyst technology', '', '', 'gurugram', 'f', 'NA', NULL),
(7967, 4177, 'unknown', 'unknown', 'manager technology', '19', 'present', 'delhi', 't', 'NA', NULL),
(7968, 4178, 'unknown', 'unknown', 'team lead', 'february 2023', 'present', 'jaipur', 't', 'NA', NULL),
(7969, 4178, 'unknown', 'unknown', 'software engineer android', '', '', 'patiala', 'f', 'NA', NULL),
(7970, 4178, 'unknown', 'unknown', 'app developer', 'january 2021', 'january 2023', 'faridabad', 'f', 'NA', NULL),
(7971, 4179, 'unknown', 'unknown', 'software engineer intern', '', '', 'jaipur', 'f', 'NA', NULL),
(7972, 4179, 'unknown', 'unknown', 'software development engineer', '', '', 'delhi', 'f', 'NA', NULL),
(7973, 4179, 'unknown', 'unknown', 'development engineer intern', '', '', 'chandigarh', 'f', 'NA', NULL),
(7974, 4179, 'unknown', 'unknown', ' flutter developer', '20', '20', 'jaipur', 'f', 'NA', NULL),
(7975, 4179, 'unknown', 'unknown', '06/2020 internship', '2020', '06', 'meerut', 'f', 'NA', NULL),
(7976, 4179, 'unknown', 'unknown', 'flutter developer', '', '', 'patiala', 'f', 'NA', NULL),
(7977, 4179, 'unknown', 'unknown', 'flutter development intern', '', '', 'noida', 'f', 'NA', NULL),
(7978, 4179, 'unknown', 'unknown', '10/2021 internship certificate', '2021', '10', 'new delhi', 'f', 'NA', NULL),
(7979, 4180, 'unknown', 'unknown', 'business analyst powerbi', 'Commerce 20', '11', 'lucknow', 'f', 'NA', NULL),
(7980, 4180, 'unknown', 'unknown', 'dubey business analyst', '2014', '2016', 'delhi', 'f', 'NA', NULL),
(7981, 4180, 'unknown', 'unknown', 'business analyst', 'February 21, 19', '90', 'gurgaon', 'f', 'NA', NULL),
(7982, 4181, 'unknown', 'unknown', 'qa test engineer', 'april 2021', 'present', 'jaipur', 't', 'NA', NULL),
(7983, 4182, 'unknown', 'unknown', 'lead', '21', 'present', 'gurugram', 't', 'NA', NULL),
(7984, 4183, 'unknown', 'unknown', 'lead organizer', '3240', '09', 'jaipur', 'f', 'NA', NULL),
(7985, 4183, 'unknown', 'unknown', 'employment flutter developer', 'Jun 2023', 'Present', 'delhi', 't', 'NA', NULL),
(7986, 4183, 'unknown', 'unknown', 'developer student', 'than 50', '00', 'chandigarh', 'f', 'NA', NULL),
(7987, 4183, 'unknown', 'unknown', 'intern ministry', '91', '6376', 'lucknow', 'f', 'NA', NULL),
(7988, 4184, 'unknown', 'unknown', 'lead organizer', '3240', '09', 'lucknow', 'f', 'NA', NULL),
(7989, 4184, 'unknown', 'unknown', 'employment flutter developer', 'Jun 2023', 'Present', 'lucknow', 't', 'NA', NULL),
(7990, 4184, 'unknown', 'unknown', 'developer student', 'than 50', '00', 'jaipur', 'f', 'NA', NULL),
(7991, 4184, 'unknown', 'unknown', 'intern ministry', '91', '6376', 'gurugram', 'f', 'NA', NULL),
(7992, 4185, 'unknown', 'unknown', 'lead organizer', '3240', '09', 'new delhi', 'f', 'NA', NULL),
(7993, 4185, 'unknown', 'unknown', 'employment flutter developer', 'Jun 2023', 'Present', 'gurgaon', 't', 'NA', NULL),
(7994, 4185, 'unknown', 'unknown', 'developer student', 'than 50', '00', 'pune', 'f', 'NA', NULL),
(7995, 4185, 'unknown', 'unknown', 'intern ministry', '91', '6376', 'chandigarh', 'f', 'NA', NULL),
(7996, 4186, 'unknown', 'unknown', 'lead organizer', '3240', '09', 'patiala', 'f', 'NA', NULL),
(7997, 4186, 'unknown', 'unknown', 'employment flutter developer', 'Jun 2023', 'Present', 'jaipur', 't', 'NA', NULL),
(7998, 4186, 'unknown', 'unknown', 'developer student', 'than 50', '00', 'hyderabad', 'f', 'NA', NULL),
(7999, 4186, 'unknown', 'unknown', 'intern ministry', '91', '6376', 'lucknow', 'f', 'NA', NULL),
(8000, 4187, 'unknown', 'unknown', 'qa test engineer', '91', '9520', 'lucknow', 't', 'NA', NULL),
(8001, 4188, 'unknown', 'unknown', 'lead organizer', '3240', '09', 'faridabad', 'f', 'NA', NULL),
(8002, 4188, 'unknown', 'unknown', 'employment flutter developer', 'Jun 2023', 'Present', 'patiala', 't', 'NA', NULL),
(8003, 4188, 'unknown', 'unknown', 'developer student', 'than 50', '00', 'meerut', 'f', 'NA', NULL),
(8004, 4188, 'unknown', 'unknown', 'intern ministry', '91', '6376', 'patiala', 'f', 'NA', NULL),
(8005, 4189, 'unknown', 'unknown', 'lead organizer', '3240', '09', 'pune', 'f', 'NA', NULL),
(8006, 4189, 'unknown', 'unknown', 'employment flutter developer', 'Jun 2023', 'Present', 'faridabad', 't', 'NA', NULL),
(8007, 4189, 'unknown', 'unknown', 'developer student', 'than 50', '00', 'jaipur', 'f', 'NA', NULL),
(8008, 4189, 'unknown', 'unknown', 'intern ministry', '91', '6376', 'delhi', 'f', 'NA', NULL),
(8009, 4190, 'unknown', 'unknown', 'lead organizer', '3240', '09', 'new delhi', 'f', 'NA', NULL),
(8010, 4190, 'unknown', 'unknown', 'employment flutter developer', 'Jun 2023', 'Present', 'lucknow', 't', 'NA', NULL),
(8011, 4190, 'unknown', 'unknown', 'developer student', 'than 50', '00', 'gurgaon', 'f', 'NA', NULL),
(8012, 4190, 'unknown', 'unknown', 'intern ministry', '91', '6376', 'gurgaon', 'f', 'NA', NULL),
(8013, 4191, 'unknown', 'unknown', 'intern ministry', '20', '20', 'new delhi', 'f', 'NA', NULL),
(8014, 4191, 'unknown', 'unknown', 'developer student', 'than 50', '00', 'gurugram', 'f', 'NA', NULL),
(8015, 4191, 'unknown', 'unknown', 'lead organizer', '', '', 'pune', 'f', 'NA', NULL),
(8016, 4191, 'unknown', 'unknown', 'employment flutter developer', '', '', 'chandigarh', 'f', 'NA', NULL),
(8017, 4192, 'unknown', 'unknown', 'intern ministry', '20', '20', 'hyderabad', 'f', 'NA', NULL),
(8018, 4192, 'unknown', 'unknown', 'developer student', 'than 50', '00', 'bangalore', 'f', 'NA', NULL),
(8019, 4192, 'unknown', 'unknown', 'lead organizer', '', '', 'bangalore', 'f', 'NA', NULL),
(8020, 4192, 'unknown', 'unknown', 'employment flutter developer', '', '', 'jaipur', 'f', 'NA', NULL),
(8021, 4193, 'unknown', 'unknown', 'intern ministry', '20', '20', 'meerut', 'f', 'NA', NULL),
(8022, 4193, 'unknown', 'unknown', 'developer student', 'than 50', '00', 'new delhi', 'f', 'NA', NULL),
(8023, 4193, 'unknown', 'unknown', 'lead organizer', '', '', 'noida', 'f', 'NA', NULL),
(8024, 4193, 'unknown', 'unknown', 'employment flutter developer', '', '', 'mumbai', 'f', 'NA', NULL);
